"PERIODE";"IAS_lissé"
2008-01-01;7066
2008-01-02;7050
2008-01-03;7051
2008-01-04;7067
2008-01-05;7093
2008-01-06;7118
2008-01-07;7137
2008-01-08;7162
2008-01-09;7199
2008-01-10;7252
2008-01-11;7321
2008-01-12;7402
2008-01-13;7488
2008-01-14;7575
2008-01-15;7666
2008-01-16;7764
2008-01-17;7868
2008-01-18;7969
2008-01-19;8064
2008-01-20;8144
2008-01-21;8205
2008-01-22;8251
2008-01-23;8289
2008-01-24;8323
2008-01-25;8351
2008-01-26;8368
2008-01-28;8358
2008-01-29;8341
2008-01-30;8326
2008-01-31;8315
2008-02-01;8309
2008-02-02;8311
2008-02-03;8316
2008-02-04;8318
2008-02-05;8330
2008-02-06;8358
2008-02-07;8404
2008-02-08;8465
2008-02-09;8531
2008-02-11;8642
2008-02-12;8685
2008-02-13;8730
2008-02-14;8783
2008-02-15;8855
2008-02-16;8937
2008-02-17;9021
2008-02-18;9103
2008-02-19;9192
2008-02-20;9296
2008-02-21;9418
2008-02-22;9568
2008-02-23;9746
2008-02-24;9944
2008-02-25;10160
2008-02-26;10401
2008-02-27;10673
2008-02-28;10975
2008-02-29;11306
2008-03-01;11663
2008-03-02;12039
2008-03-03;12433
2008-03-04;12854
2008-03-05;13311
2008-03-06;13802
2008-03-07;14326
2008-03-08;14880
2008-03-09;15452
2008-03-10;16038
2008-03-11;16643
2008-03-12;17271
2008-03-13;17913
2008-03-14;18561
2008-03-15;19211
2008-03-17;20472
2008-03-18;21084
2008-03-19;21689
2008-03-20;22276
2008-03-21;22839
2008-03-22;23378
2008-03-23;23881
2008-03-25;24755
2008-03-26;25143
2008-03-27;25500
2008-03-28;25825
2008-03-29;26120
2008-03-31;26593
2008-04-01;26767
2008-04-02;26903
2008-04-03;27000
2008-04-04;27057
2008-04-05;27070
2008-04-07;26947
2008-04-08;26823
2008-04-09;26668
2008-04-10;26485
2008-04-11;26277
2008-04-12;26043
2008-04-14;25474
2008-04-15;25149
2008-04-16;24810
2008-04-17;24456
2008-04-18;24089
2008-04-19;23708
2008-04-21;22866
2008-04-22;22411
2008-04-23;21948
2008-04-24;21482
2008-04-25;21018
2008-04-26;20557
2008-04-27;20096
2008-04-28;19636
2008-04-29;19188
2008-04-30;18763
2008-05-01;18360
2008-05-02;17976
2008-05-03;17605
2008-05-04;17239
2008-05-05;16878
2008-05-06;16531
2008-05-07;16200
2008-05-08;15889
2008-05-09;15601
2008-05-10;15337
2008-05-11;15088
2008-05-12;14848
2008-05-13;14628
2008-05-14;14438
2008-05-15;14283
2008-05-16;14162
2008-05-17;14071
2008-05-18;13999
2008-05-19;13942
2008-05-20;13907
2008-05-21;13898
2008-05-22;13916
2008-05-23;13963
2008-05-24;14040
2008-05-26;14241
2008-05-27;14357
2008-05-28;14486
2008-05-29;14632
2008-05-30;14794
2008-05-31;14973
2008-06-01;15162
2008-06-02;15360
2008-06-03;15570
2008-06-04;15795
2008-06-05;16033
2008-06-06;16287
2008-06-07;16552
2008-06-08;16817
2008-06-09;17077
2008-06-10;17333
2008-06-11;17588
2008-06-12;17842
2008-06-13;18090
2008-06-14;18328
2008-06-16;18751
2008-06-17;18943
2008-06-18;19133
2008-06-19;19322
2008-06-20;19506
2008-06-21;19682
2008-06-22;19853
2008-06-23;20015
2008-06-24;20176
2008-06-25;20343
2008-06-26;20510
2008-06-27;20665
2008-06-28;20805
2008-06-29;20927
2008-06-30;21030
2008-07-01;21127
2008-07-02;21232
2008-07-03;21347
2008-07-04;21470
2008-07-05;21596
2008-07-06;21716
2008-07-07;21826
2008-07-08;21933
2008-07-09;22046
2008-07-10;22162
2008-07-11;22278
2008-07-12;22395
2008-07-13;22501
2008-07-14;22593
2008-07-15;22677
2008-07-16;22755
2008-07-17;22831
2008-07-18;22908
2008-07-19;22983
2008-07-21;23084
2008-07-22;23114
2008-07-23;23140
2008-07-24;23162
2008-07-25;23179
2008-07-26;23190
2008-07-27;23184
2008-07-28;23153
2008-07-29;23105
2008-07-30;23051
2008-07-31;22988
2008-08-01;22914
2008-08-02;22828
2008-08-04;22605
2008-08-05;22470
2008-08-06;22323
2008-08-07;22162
2008-08-08;21987
2008-08-09;21795
2008-08-11;21339
2008-08-12;21082
2008-08-13;20821
2008-08-14;20568
2008-08-15;20328
2008-08-16;20098
2008-08-18;19647
2008-08-19;19440
2008-08-20;19255
2008-08-21;19092
2008-08-22;18947
2008-08-23;18813
2008-08-25;18562
2008-08-26;18457
2008-08-27;18377
2008-08-28;18316
2008-08-29;18272
2008-08-30;18238
2008-08-31;18205
2008-09-01;18172
2008-09-02;18147
2008-09-03;18144
2008-09-04;18167
2008-09-05;18217
2008-09-06;18290
2008-09-07;18373
2008-09-08;18458
2008-09-09;18547
2008-09-10;18640
2008-09-11;18738
2008-09-12;18847
2008-09-13;18962
2008-09-14;19070
2008-09-15;19170
2008-09-16;19276
2008-09-17;19396
2008-09-18;19530
2008-09-19;19683
2008-09-20;19854
2008-09-22;20236
2008-09-23;20445
2008-09-24;20661
2008-09-25;20888
2008-09-26;21123
2008-09-27;21359
2008-09-28;21585
2008-09-29;21800
2008-09-30;22011
2008-10-01;22226
2008-10-02;22444
2008-10-03;22662
2008-10-04;22873
2008-10-06;23265
2008-10-07;23456
2008-10-08;23650
2008-10-09;23844
2008-10-10;24035
2008-10-11;24223
2008-10-13;24553
2008-10-14;24697
2008-10-15;24828
2008-10-16;24943
2008-10-17;25042
2008-10-18;25119
2008-10-20;25173
2008-10-21;25154
2008-10-22;25120
2008-10-23;25070
2008-10-24;25006
2008-10-25;24924
2008-10-26;24816
2008-10-27;24683
2008-10-28;24539
2008-10-29;24396
2008-10-30;24255
2008-10-31;24119
2008-11-01;23994
2008-11-02;23870
2008-11-03;23742
2008-11-04;23623
2008-11-05;23521
2008-11-06;23430
2008-11-07;23342
2008-11-08;23256
2008-11-10;23062
2008-11-11;22960
2008-11-12;22860
2008-11-13;22764
2008-11-14;22669
2008-11-15;22575
2008-11-16;22481
2008-11-17;22387
2008-11-18;22305
2008-11-19;22249
2008-11-20;22223
2008-11-21;22229
2008-11-22;22259
2008-11-23;22304
2008-11-24;22366
2008-11-25;22453
2008-11-26;22568
2008-11-27;22711
2008-11-28;22883
2008-11-29;23080
2008-11-30;23290
2008-12-01;23507
2008-12-02;23733
2008-12-03;23969
2008-12-04;24212
2008-12-05;24463
2008-12-06;24720
2008-12-07;24975
2008-12-08;25224
2008-12-09;25473
2008-12-10;25722
2008-12-11;25970
2008-12-12;26216
2008-12-13;26458
2008-12-14;26685
2008-12-15;26888
2008-12-16;27078
2008-12-17;27266
2008-12-18;27454
2008-12-19;27648
2008-12-20;27844
2008-12-21;28030
2008-12-22;28203
2008-12-23;28377
2008-12-24;28557
2008-12-25;28742
2008-12-26;28934
2008-12-27;29130
2008-12-28;29317
2008-12-29;29487
2008-12-30;29645
2008-12-31;29791
2009-01-02;30067
2009-01-03;30194
2009-01-05;30403
2009-01-06;30499
2009-01-07;30601
2009-01-08;30704
2009-01-09;30804
2009-01-10;30898
2009-01-12;31041
2009-01-13;31102
2009-01-14;31169
2009-01-15;31240
2009-01-16;31315
2009-01-17;31391
2009-01-18;31457
2009-01-19;31507
2009-01-20;31551
2009-01-21;31595
2009-01-22;31644
2009-01-23;31701
2009-01-24;31764
2009-01-25;31827
2009-01-26;31892
2009-01-27;31970
2009-01-28;32071
2009-01-29;32195
2009-01-30;32340
2009-01-31;32506
2009-02-01;32683
2009-02-02;32862
2009-02-03;33047
2009-02-04;33240
2009-02-05;33434
2009-02-06;33627
2009-02-07;33815
2009-02-08;33991
2009-02-09;34149
2009-02-10;34300
2009-02-11;34451
2009-02-12;34600
2009-02-13;34745
2009-02-14;34893
2009-02-15;35042
2009-02-16;35189
2009-02-17;35345
2009-02-18;35521
2009-02-19;35716
2009-02-20;35931
2009-02-21;36165
2009-02-23;36661
2009-02-24;36912
2009-02-25;37170
2009-02-26;37434
2009-02-27;37703
2009-02-28;37969
2009-03-01;38221
2009-03-02;38451
2009-03-03;38666
2009-03-04;38867
2009-03-05;39055
2009-03-06;39227
2009-03-07;39378
2009-03-08;39502
2009-03-09;39600
2009-03-10;39684
2009-03-11;39764
2009-03-12;39846
2009-03-13;39924
2009-03-14;39989
2009-03-16;40044
2009-03-17;40044
2009-03-18;40042
2009-03-19;40043
2009-03-20;40039
2009-03-21;40020
2009-03-22;39978
2009-03-23;39906
2009-03-24;39820
2009-03-25;39729
2009-03-26;39638
2009-03-27;39549
2009-03-28;39458
2009-03-30;39229
2009-03-31;39095
2009-04-01;38964
2009-04-02;38829
2009-04-03;38684
2009-04-04;38525
2009-04-05;38347
2009-04-06;38154
2009-04-07;37960
2009-04-08;37777
2009-04-09;37607
2009-04-10;37452
2009-04-11;37314
2009-04-12;37191
2009-04-13;37078
2009-04-14;36975
2009-04-15;36887
2009-04-16;36817
2009-04-17;36767
2009-04-18;36736
2009-04-19;36718
2009-04-20;36712
2009-04-21;36730
2009-04-22;36778
2009-04-23;36853
2009-04-24;36950
2009-04-25;37063
2009-04-27;37320
2009-04-28;37469
2009-04-29;37642
2009-04-30;37837
2009-05-01;38052
2009-05-02;38279
2009-05-03;38509
2009-05-04;38742
2009-05-05;38984
2009-05-06;39238
2009-05-07;39503
2009-05-08;39780
2009-05-09;40067
2009-05-10;40353
2009-05-11;40630
2009-05-12;40910
2009-05-13;41208
2009-05-14;41527
2009-05-15;41872
2009-05-16;42244
2009-05-17;42639
2009-05-18;43057
2009-05-19;43504
2009-05-20;43976
2009-05-21;44470
2009-05-22;44984
2009-05-23;45516
2009-05-25;46579
2009-05-26;47099
2009-05-27;47611
2009-05-28;48112
2009-05-29;48599
2009-05-30;49065
2009-06-01;49883
2009-06-02;50234
2009-06-03;50562
2009-06-04;50870
2009-06-05;51157
2009-06-06;51422
2009-06-08;51855
2009-06-09;52029
2009-06-10;52187
2009-06-11;52328
2009-06-12;52455
2009-06-13;52561
2009-06-15;52700
2009-06-16;52744
2009-06-17;52774
2009-06-18;52789
2009-06-19;52785
2009-06-20;52754
2009-06-22;52580
2009-06-23;52449
2009-06-24;52301
2009-06-25;52136
2009-06-26;51947
2009-06-27;51724
2009-06-28;51454
2009-06-29;51144
2009-06-30;50805
2009-07-01;50445
2009-07-02;50066
2009-07-03;49667
2009-07-04;49244
2009-07-06;48293
2009-07-07;47770
2009-07-08;47231
2009-07-09;46677
2009-07-10;46108
2009-07-11;45528
2009-07-12;44937
2009-07-13;44334
2009-07-14;43730
2009-07-15;43128
2009-07-16;42533
2009-07-17;41944
2009-07-18;41363
2009-07-19;40778
2009-07-20;40188
2009-07-21;39600
2009-07-22;39024
2009-07-23;38469
2009-07-24;37934
2009-07-25;37414
2009-07-26;36896
2009-07-27;36374
2009-07-28;35853
2009-07-29;35337
2009-07-30;34827
2009-07-31;34325
2009-08-01;33829
2009-08-03;32833
2009-08-04;32333
2009-08-05;31837
2009-08-06;31349
2009-08-07;30872
2009-08-08;30408
2009-08-09;29950
2009-08-10;29497
2009-08-11;29060
2009-08-12;28647
2009-08-13;28259
2009-08-14;27897
2009-08-15;27560
2009-08-16;27239
2009-08-17;26930
2009-08-18;26646
2009-08-19;26397
2009-08-20;26183
2009-08-21;26000
2009-08-22;25845
2009-08-23;25706
2009-08-24;25573
2009-08-25;25451
2009-08-26;25340
2009-08-27;25235
2009-08-28;25134
2009-08-29;25034
2009-08-30;24920
2009-08-31;24783
2009-09-01;24630
2009-09-02;24467
2009-09-03;24299
2009-09-04;24133
2009-09-05;23966
2009-09-06;23790
2009-09-07;23600
2009-09-08;23407
2009-09-09;23220
2009-09-10;23043
2009-09-11;22875
2009-09-12;22716
2009-09-13;22562
2009-09-14;22411
2009-09-15;22272
2009-09-16;22156
2009-09-17;22062
2009-09-18;21996
2009-09-19;21957
2009-09-20;21933
2009-09-21;21920
2009-09-22;21923
2009-09-23;21939
2009-09-24;21958
2009-09-25;21982
2009-09-26;22009
2009-09-27;22034
2009-09-28;22056
2009-09-29;22082
2009-09-30;22119
2009-10-01;22168
2009-10-02;22225
2009-10-03;22286
2009-10-04;22339
2009-10-05;22382
2009-10-06;22428
2009-10-07;22483
2009-10-08;22545
2009-10-09;22614
2009-10-10;22686
2009-10-11;22749
2009-10-12;22798
2009-10-13;22844
2009-10-14;22895
2009-10-15;22955
2009-10-16;23025
2009-10-17;23104
2009-10-18;23185
2009-10-19;23261
2009-10-20;23339
2009-10-21;23432
2009-10-22;23538
2009-10-23;23653
2009-10-24;23774
2009-10-25;23887
2009-10-26;23987
2009-10-27;24087
2009-10-28;24193
2009-10-29;24303
2009-10-30;24417
2009-10-31;24530
2009-11-01;24636
2009-11-02;24738
2009-11-03;24849
2009-11-04;24981
2009-11-05;25135
2009-11-06;25298
2009-11-07;25460
2009-11-08;25609
2009-11-09;25738
2009-11-10;25860
2009-11-11;25989
2009-11-12;26128
2009-11-13;26277
2009-11-14;26432
2009-11-16;26716
2009-11-17;26856
2009-11-18;27013
2009-11-19;27189
2009-11-20;27378
2009-11-21;27576
2009-11-22;27769
2009-11-23;27949
2009-11-24;28129
2009-11-25;28315
2009-11-26;28505
2009-11-27;28695
2009-11-28;28883
2009-11-29;29056
2009-11-30;29207
2009-12-01;29345
2009-12-02;29476
2009-12-03;29598
2009-12-04;29709
2009-12-05;29808
2009-12-06;29882
2009-12-07;29926
2009-12-08;29950
2009-12-09;29966
2009-12-10;29972
2009-12-11;29972
2009-12-12;29966
2009-12-13;29947
2009-12-14;29909
2009-12-15;29865
2009-12-16;29824
2009-12-17;29788
2009-12-18;29758
2009-12-19;29731
2009-12-21;29659
2009-12-22;29615
2009-12-23;29571
2009-12-24;29526
2009-12-25;29481
2009-12-26;29433
2009-12-27;29369
2009-12-28;29283
2009-12-29;29189
2009-12-30;29100
2009-12-31;29010
2010-01-02;28842
2010-01-03;28752
2010-01-04;28644
2010-01-05;28522
2010-01-06;28391
2010-01-07;28251
2010-01-08;28104
2010-01-09;27947
2010-01-10;27766
2010-01-11;27555
2010-01-12;27327
2010-01-13;27093
2010-01-14;26854
2010-01-15;26612
2010-01-16;26367
2010-01-17;26110
2010-01-18;25838
2010-01-19;25563
2010-01-20;25292
2010-01-21;25029
2010-01-22;24773
2010-01-23;24523
2010-01-24;24276
2010-01-25;24026
2010-01-26;23783
2010-01-27;23557
2010-01-28;23351
2010-01-29;23163
2010-01-30;22991
2010-01-31;22828
2010-02-01;22669
2010-02-02;22522
2010-02-03;22398
2010-02-04;22294
2010-02-05;22208
2010-02-06;22139
2010-02-07;22078
2010-02-08;22021
2010-02-09;21973
2010-02-10;21934
2010-02-11;21900
2010-02-12;21870
2010-02-13;21842
2010-02-14;21815
2010-02-15;21788
2010-02-16;21763
2010-02-17;21753
2010-02-18;21759
2010-02-19;21781
2010-02-20;21817
2010-02-21;21860
2010-02-22;21905
2010-02-23;21962
2010-02-24;22040
2010-02-25;22132
2010-02-26;22235
2010-02-27;22341
2010-02-28;22439
2010-03-01;22522
2010-03-02;22599
2010-03-03;22679
2010-03-04;22759
2010-03-05;22838
2010-03-06;22916
2010-03-07;22983
2010-03-08;23034
2010-03-09;23075
2010-03-10;23114
2010-03-11;23151
2010-03-12;23188
2010-03-13;23221
2010-03-15;23236
2010-03-16;23232
2010-03-17;23238
2010-03-18;23257
2010-03-19;23290
2010-03-20;23338
2010-03-21;23392
2010-03-22;23447
2010-03-23;23521
2010-03-24;23626
2010-03-25;23758
2010-03-26;23908
2010-03-27;24071
2010-03-28;24233
2010-03-29;24388
2010-03-30;24544
2010-03-31;24711
2010-04-01;24888
2010-04-02;25078
2010-04-03;25279
2010-04-04;25486
2010-04-05;25692
2010-04-06;25901
2010-04-07;26122
2010-04-08;26353
2010-04-09;26591
2010-04-10;26835
2010-04-11;27073
2010-04-12;27301
2010-04-13;27532
2010-04-14;27776
2010-04-15;28032
2010-04-16;28299
2010-04-17;28574
2010-04-18;28846
2010-04-19;29107
2010-04-20;29369
2010-04-21;29641
2010-04-22;29922
2010-04-23;30207
2010-04-24;30495
2010-04-25;30774
2010-04-26;31037
2010-04-27;31291
2010-04-28;31546
2010-04-29;31802
2010-04-30;32062
2010-05-01;32323
2010-05-02;32573
2010-05-03;32810
2010-05-04;33037
2010-05-05;33258
2010-05-06;33473
2010-05-07;33680
2010-05-08;33881
2010-05-09;34063
2010-05-10;34220
2010-05-11;34364
2010-05-12;34506
2010-05-13;34647
2010-05-14;34790
2010-05-15;34932
2010-05-16;35064
2010-05-17;35179
2010-05-18;35291
2010-05-19;35410
2010-05-20;35539
2010-05-21;35677
2010-05-22;35820
2010-05-24;36065
2010-05-25;36168
2010-05-26;36269
2010-05-27;36371
2010-05-28;36477
2010-05-29;36580
2010-05-30;36671
2010-05-31;36748
2010-06-01;36820
2010-06-02;36899
2010-06-03;36983
2010-06-04;37072
2010-06-05;37162
2010-06-06;37248
2010-06-07;37329
2010-06-08;37419
2010-06-09;37530
2010-06-10;37664
2010-06-11;37822
2010-06-12;38003
2010-06-13;38198
2010-06-14;38400
2010-06-15;38622
2010-06-16;38873
2010-06-17;39157
2010-06-18;39473
2010-06-19;39818
2010-06-20;40180
2010-06-21;40553
2010-06-22;40953
2010-06-23;41385
2010-06-24;41843
2010-06-25;42320
2010-06-26;42806
2010-06-27;43285
2010-06-28;43749
2010-06-29;44210
2010-06-30;44671
2010-07-01;45124
2010-07-02;45559
2010-07-03;45974
2010-07-04;46363
2010-07-05;46718
2010-07-06;47052
2010-07-07;47378
2010-07-08;47695
2010-07-09;48003
2010-07-10;48297
2010-07-11;48565
2010-07-12;48802
2010-07-13;49010
2010-07-14;49201
2010-07-15;49381
2010-07-16;49547
2010-07-17;49696
2010-07-18;49813
2010-07-19;49893
2010-07-20;49947
2010-07-21;49981
2010-07-22;49992
2010-07-23;49981
2010-07-24;49944
2010-07-26;49756
2010-07-27;49610
2010-07-28;49442
2010-07-29;49254
2010-07-30;49046
2010-07-31;48818
2010-08-01;48558
2010-08-02;48261
2010-08-03;47940
2010-08-04;47607
2010-08-05;47266
2010-08-06;46919
2010-08-07;46565
2010-08-08;46194
2010-08-09;45803
2010-08-10;45405
2010-08-11;45010
2010-08-12;44623
2010-08-13;44246
2010-08-14;43877
2010-08-15;43509
2010-08-16;43134
2010-08-17;42766
2010-08-18;42415
2010-08-19;42084
2010-08-20;41771
2010-08-21;41476
2010-08-22;41183
2010-08-23;40886
2010-08-24;40596
2010-08-25;40320
2010-08-26;40054
2010-08-27;39794
2010-08-28;39537
2010-08-29;39280
2010-08-30;39026
2010-08-31;38788
2010-09-01;38575
2010-09-02;38386
2010-09-03;38229
2010-09-04;38107
2010-09-05;38009
2010-09-06;37928
2010-09-07;37872
2010-09-08;37845
2010-09-09;37842
2010-09-10;37864
2010-09-11;37909
2010-09-12;37967
2010-09-13;38027
2010-09-14;38091
2010-09-15;38162
2010-09-16;38243
2010-09-17;38333
2010-09-18;38432
2010-09-19;38529
2010-09-20;38617
2010-09-21;38705
2010-09-22;38801
2010-09-23;38899
2010-09-24;38992
2010-09-25;39074
2010-09-26;39138
2010-09-27;39186
2010-09-28;39226
2010-09-29;39268
2010-09-30;39310
2010-10-01;39352
2010-10-02;39394
2010-10-03;39428
2010-10-04;39451
2010-10-05;39478
2010-10-06;39518
2010-10-07;39567
2010-10-08;39625
2010-10-09;39687
2010-10-10;39744
2010-10-11;39792
2010-10-12;39841
2010-10-13;39903
2010-10-14;39976
2010-10-15;40057
2010-10-16;40144
2010-10-18;40305
2010-10-19;40383
2010-10-20;40472
2010-10-21;40569
2010-10-22;40672
2010-10-23;40776
2010-10-24;40870
2010-10-25;40948
2010-10-26;41024
2010-10-27;41112
2010-10-28;41215
2010-10-29;41334
2010-10-30;41468
2010-10-31;41600
2010-11-01;41727
2010-11-02;41862
2010-11-03;42018
2010-11-04;42192
2010-11-05;42384
2010-11-06;42583
2010-11-07;42775
2010-11-08;42957
2010-11-09;43143
2010-11-10;43344
2010-11-11;43559
2010-11-12;43785
2010-11-13;44012
2010-11-15;44405
2010-11-16;44576
2010-11-17;44743
2010-11-18;44909
2010-11-19;45072
2010-11-20;45228
2010-11-21;45363
2010-11-22;45472
2010-11-23;45566
2010-11-24;45653
2010-11-25;45733
2010-11-26;45804
2010-11-27;45865
2010-11-28;45904
2010-11-29;45915
2010-11-30;45911
2010-12-01;45901
2010-12-02;45887
2010-12-03;45869
2010-12-04;45851
2010-12-05;45823
2010-12-06;45782
2010-12-07;45732
2010-12-08;45672
2010-12-09;45601
2010-12-10;45518
2010-12-11;45424
2010-12-12;45313
2010-12-13;45185
2010-12-14;45056
2010-12-15;44937
2010-12-16;44826
2010-12-17;44726
2010-12-18;44635
2010-12-19;44542
2010-12-20;44442
2010-12-21;44345
2010-12-22;44268
2010-12-23;44219
2010-12-24;44194
2010-12-25;44191
2010-12-26;44200
2010-12-27;44220
2010-12-28;44256
2010-12-29;44316
2010-12-30;44402
2010-12-31;44510
2011-01-01;44640
2011-01-02;44786
2011-01-03;44943
2011-01-04;45113
2011-01-05;45302
2011-01-06;45505
2011-01-07;45720
2011-01-08;45944
2011-01-09;46162
2011-01-10;46367
2011-01-11;46569
2011-01-12;46776
2011-01-13;46987
2011-01-14;47200
2011-01-15;47412
2011-01-16;47614
2011-01-17;47802
2011-01-18;47986
2011-01-19;48176
2011-01-20;48372
2011-01-21;48573
2011-01-22;48777
2011-01-23;48979
2011-01-24;49177
2011-01-25;49378
2011-01-26;49594
2011-01-27;49826
2011-01-28;50074
2011-01-29;50332
2011-01-31;50845
2011-02-01;51106
2011-02-02;51381
2011-02-03;51667
2011-02-04;51956
2011-02-05;52239
2011-02-06;52501
2011-02-07;52736
2011-02-08;52954
2011-02-09;53166
2011-02-10;53370
2011-02-11;53559
2011-02-12;53731
2011-02-14;53990
2011-02-15;54089
2011-02-16;54176
2011-02-17;54251
2011-02-18;54310
2011-02-19;54347
2011-02-20;54360
2011-02-21;54353
2011-02-22;54345
2011-02-23;54344
2011-02-24;54349
2011-02-25;54358
2011-02-26;54366
2011-02-27;54360
2011-02-28;54332
2011-03-01;54297
2011-03-02;54268
2011-03-03;54244
2011-03-04;54225
2011-03-05;54209
2011-03-06;54184
2011-03-07;54137
2011-03-08;54072
2011-03-09;54003
2011-03-10;53930
2011-03-11;53854
2011-03-12;53778
2011-03-14;53604
2011-03-15;53514
2011-03-16;53438
2011-03-17;53377
2011-03-18;53334
2011-03-19;53313
2011-03-20;53309
2011-03-21;53324
2011-03-22;53363
2011-03-23;53426
2011-03-24;53512
2011-03-25;53619
2011-03-26;53742
2011-03-27;53864
2011-03-28;53979
2011-03-29;54098
2011-03-30;54231
2011-03-31;54377
2011-04-01;54539
2011-04-02;54711
2011-04-03;54882
2011-04-04;55043
2011-04-05;55199
2011-04-06;55351
2011-04-07;55499
2011-04-08;55644
2011-04-09;55781
2011-04-11;55994
2011-04-12;56079
2011-04-13;56170
2011-04-14;56262
2011-04-15;56346
2011-04-16;56422
2011-04-17;56479
2011-04-18;56512
2011-04-19;56542
2011-04-20;56585
2011-04-21;56642
2011-04-22;56711
2011-04-23;56791
2011-04-24;56868
2011-04-25;56930
2011-04-26;56982
2011-04-27;57038
2011-04-28;57103
2011-04-29;57181
2011-04-30;57271
2011-05-01;57367
2011-05-02;57468
2011-05-03;57579
2011-05-04;57702
2011-05-05;57841
2011-05-06;57993
2011-05-07;58153
2011-05-09;58445
2011-05-10;58582
2011-05-11;58726
2011-05-12;58879
2011-05-13;59042
2011-05-14;59214
2011-05-15;59392
2011-05-16;59579
2011-05-17;59787
2011-05-18;60023
2011-05-19;60291
2011-05-20;60588
2011-05-21;60911
2011-05-22;61245
2011-05-23;61581
2011-05-24;61928
2011-05-25;62301
2011-05-26;62693
2011-05-27;63096
2011-05-28;63506
2011-05-29;63909
2011-05-30;64301
2011-05-31;64688
2011-06-01;65075
2011-06-02;65463
2011-06-03;65856
2011-06-04;66248
2011-06-05;66624
2011-06-06;66977
2011-06-07;67320
2011-06-08;67665
2011-06-09;68012
2011-06-10;68359
2011-06-11;68706
2011-06-12;69039
2011-06-13;69350
2011-06-14;69648
2011-06-15;69949
2011-06-16;70260
2011-06-17;70580
2011-06-18;70906
2011-06-20;71530
2011-06-21;71825
2011-06-22;72120
2011-06-23;72415
2011-06-24;72706
2011-06-25;72989
2011-06-26;73251
2011-06-27;73475
2011-06-28;73660
2011-06-29;73812
2011-06-30;73930
2011-07-01;74009
2011-07-02;74045
2011-07-04;73946
2011-07-05;73824
2011-07-06;73671
2011-07-07;73490
2011-07-08;73285
2011-07-09;73056
2011-07-10;72790
2011-07-11;72485
2011-07-12;72163
2011-07-13;71838
2011-07-14;71515
2011-07-15;71197
2011-07-16;70886
2011-07-17;70569
2011-07-18;70242
2011-07-19;69919
2011-07-20;69611
2011-07-21;69315
2011-07-22;69025
2011-07-23;68742
2011-07-24;68463
2011-07-25;68182
2011-07-26;67913
2011-07-27;67665
2011-07-28;67430
2011-07-29;67200
2011-07-30;66971
2011-07-31;66731
2011-08-01;66472
2011-08-02;66209
2011-08-03;65961
2011-08-04;65736
2011-08-05;65531
2011-08-06;65345
2011-08-07;65163
2011-08-08;64981
2011-08-09;64808
2011-08-10;64648
2011-08-11;64505
2011-08-12;64382
2011-08-13;64278
2011-08-14;64187
2011-08-15;64113
2011-08-16;64071
2011-08-17;64071
2011-08-18;64113
2011-08-19;64199
2011-08-20;64323
2011-08-21;64470
2011-08-22;64634
2011-08-23;64822
2011-08-24;65033
2011-08-25;65266
2011-08-26;65517
2011-08-27;65781
2011-08-28;66042
2011-08-29;66289
2011-08-30;66534
2011-08-31;66788
2011-09-01;67048
2011-09-02;67310
2011-09-03;67578
2011-09-04;67851
2011-09-05;68122
2011-09-06;68403
2011-09-07;68701
2011-09-08;69015
2011-09-09;69341
2011-09-10;69669
2011-09-11;69983
2011-09-12;70275
2011-09-13;70547
2011-09-14;70804
2011-09-15;71048
2011-09-16;71276
2011-09-17;71483
2011-09-18;71663
2011-09-19;71815
2011-09-20;71949
2011-09-21;72076
2011-09-22;72197
2011-09-23;72309
2011-09-24;72402
2011-09-25;72463
2011-09-26;72485
2011-09-27;72481
2011-09-28;72460
2011-09-29;72426
2011-09-30;72381
2011-10-01;72322
2011-10-03;72117
2011-10-04;71981
2011-10-05;71846
2011-10-06;71722
2011-10-07;71608
2011-10-08;71505
2011-10-09;71408
2011-10-10;71322
2011-10-11;71258
2011-10-12;71226
2011-10-13;71222
2011-10-14;71246
2011-10-15;71295
2011-10-16;71359
2011-10-17;71431
2011-10-18;71522
2011-10-19;71640
2011-10-20;71775
2011-10-21;71925
2011-10-22;72084
2011-10-23;72236
2011-10-24;72372
2011-10-25;72509
2011-10-26;72662
2011-10-27;72833
2011-10-28;73017
2011-10-29;73210
2011-10-30;73399
2011-10-31;73578
2011-11-01;73764
2011-11-02;73973
2011-11-03;74207
2011-11-04;74466
2011-11-05;74746
2011-11-07;75353
2011-11-08;75684
2011-11-09;76043
2011-11-10;76427
2011-11-11;76829
2011-11-12;77244
2011-11-13;77656
2011-11-14;78053
2011-11-15;78447
2011-11-16;78850
2011-11-17;79259
2011-11-18;79677
2011-11-19;80105
2011-11-20;80529
2011-11-21;80940
2011-11-22;81340
2011-11-23;81731
2011-11-24;82114
2011-11-25;82490
2011-11-26;82853
2011-11-28;83490
2011-11-29;83768
2011-11-30;84033
2011-12-01;84283
2011-12-02;84521
2011-12-03;84750
2011-12-04;84963
2011-12-05;85160
2011-12-06;85353
2011-12-07;85555
2011-12-08;85763
2011-12-09;85980
2011-12-10;86205
2011-12-11;86419
2011-12-12;86611
2011-12-13;86789
2011-12-14;86958
2011-12-15;87114
2011-12-16;87258
2011-12-17;87385
2011-12-18;87482
2011-12-19;87543
2011-12-20;87581
2011-12-21;87609
2011-12-22;87636
2011-12-23;87670
2011-12-24;87710
2011-12-26;87775
2011-12-27;87808
2011-12-28;87849
2011-12-29;87897
2011-12-30;87952
2011-12-31;88011
2012-01-01;88064
2012-01-02;88106
2012-01-03;88151
2012-01-04;88208
2012-01-05;88276
2012-01-06;88358
2012-01-07;88448
2012-01-08;88528
2012-01-09;88594
2012-01-10;88662
2012-01-11;88749
2012-01-12;88855
2012-01-13;88983
2012-01-14;89131
2012-01-15;89292
2012-01-16;89466
2012-01-17;89662
2012-01-18;89884
2012-01-19;90131
2012-01-20;90404
2012-01-21;90704
2012-01-23;91336
2012-01-24;91671
2012-01-25;92030
2012-01-26;92414
2012-01-27;92822
2012-01-28;93250
2012-01-29;93684
2012-01-30;94117
2012-01-31;94563
2012-02-01;95032
2012-02-02;95521
2012-02-03;96020
2012-02-04;96520
2012-02-05;97005
2012-02-06;97470
2012-02-07;97933
2012-02-08;98404
2012-02-09;98877
2012-02-10;99349
2012-02-11;99815
2012-02-12;100256
2012-02-13;100665
2012-02-14;101048
2012-02-15;101408
2012-02-16;101745
2012-02-17;102066
2012-02-18;102370
2012-02-19;102648
2012-02-20;102884
2012-02-21;103087
2012-02-22;103277
2012-02-23;103458
2012-02-24;103635
2012-02-25;103809
2012-02-26;103965
2012-02-27;104090
2012-02-28;104195
2012-02-29;104297
2012-03-01;104400
2012-03-02;104507
2012-03-03;104619
2012-03-05;104862
2012-03-06;105011
2012-03-07;105203
2012-03-08;105440
2012-03-09;105727
2012-03-10;106060
2012-03-11;106420
2012-03-12;106797
2012-03-13;107184
2012-03-14;107574
2012-03-15;107973
2012-03-16;108390
2012-03-17;108825
2012-03-18;109264
2012-03-19;109695
2012-03-20;110118
2012-03-21;110537
2012-03-22;110961
2012-03-23;111396
2012-03-24;111842
2012-03-25;112283
2012-03-26;112711
2012-03-27;113140
2012-03-28;113590
2012-03-29;114055
2012-03-30;114526
2012-03-31;115003
2012-04-01;115472
2012-04-02;115925
2012-04-03;116377
2012-04-04;116843
2012-04-05;117319
2012-04-06;117803
2012-04-07;118296
2012-04-08;118781
2012-04-09;119241
2012-04-10;119685
2012-04-11;120131
2012-04-12;120585
2012-04-13;121051
2012-04-14;121531
2012-04-15;122013
2012-04-16;122490
2012-04-17;122981
2012-04-18;123504
2012-04-19;124067
2012-04-20;124673
2012-04-21;125319
2012-04-23;126669
2012-04-24;127367
2012-04-25;128084
2012-04-26;128818
2012-04-27;129567
2012-04-28;130327
2012-04-29;131079
2012-04-30;131812
2012-05-01;132543
2012-05-02;133290
2012-05-03;134048
2012-05-04;134816
2012-05-05;135588
2012-05-06;136356
2012-05-07;137123
2012-05-08;137903
2012-05-09;138706
2012-05-10;139531
2012-05-11;140377
2012-05-12;141243
2012-05-13;142112
2012-05-14;142977
2012-05-15;143857
2012-05-16;144763
2012-05-17;145692
2012-05-18;146640
2012-05-19;147602
2012-05-20;148567
2012-05-21;149531
2012-05-22;150506
2012-05-23;151509
2012-05-24;152536
2012-05-25;153591
2012-05-26;154661
2012-05-27;155720
2012-05-28;156756
2012-05-29;157786
2012-05-30;158832
2012-05-31;159904
2012-06-01;160998
2012-06-02;162113
2012-06-03;163229
2012-06-04;164335
2012-06-05;165447
2012-06-06;166582
2012-06-07;167749
2012-06-08;168950
2012-06-09;170177
2012-06-10;171414
2012-06-11;172645
2012-06-12;173871
2012-06-13;175096
2012-06-14;176317
2012-06-15;177523
2012-06-16;178703
2012-06-17;179833
2012-06-18;180901
2012-06-19;181923
2012-06-20;182907
2012-06-21;183860
2012-06-22;184789
2012-06-23;185683
2012-06-25;187268
2012-06-26;187957
2012-06-27;188582
2012-06-28;189142
2012-06-29;189646
2012-06-30;190079
2012-07-01;190418
2012-07-02;190656
2012-07-03;190811
2012-07-04;190898
2012-07-05;190915
2012-07-06;190858
2012-07-07;190731
2012-07-08;190528
2012-07-09;190244
2012-07-10;189901
2012-07-11;189518
2012-07-12;189096
2012-07-13;188634
2012-07-14;188130
2012-07-15;187571
2012-07-16;186952
2012-07-17;186296
2012-07-18;185631
2012-07-19;184967
2012-07-20;184306
2012-07-21;183646
2012-07-22;182970
2012-07-23;182269
2012-07-24;181558
2012-07-25;180849
2012-07-26;180143
2012-07-27;179442
2012-07-28;178741
2012-07-29;178020
2012-07-30;177269
2012-07-31;176512
2012-08-01;175768
2012-08-02;175041
2012-08-03;174331
2012-08-04;173635
2012-08-05;172942
2012-08-06;172248
2012-08-07;171575
2012-08-08;170944
2012-08-09;170357
2012-08-10;169816
2012-08-11;169323
2012-08-12;168865
2012-08-13;168436
2012-08-14;168047
2012-08-15;167705
2012-08-16;167410
2012-08-17;167165
2012-08-18;166967
2012-08-19;166800
2012-08-20;166656
2012-08-21;166550
2012-08-22;166495
2012-08-23;166489
2012-08-24;166528
2012-08-25;166608
2012-08-26;166709
2012-08-27;166823
2012-08-28;166957
2012-08-29;167119
2012-08-30;167309
2012-08-31;167521
2012-09-01;167748
2012-09-02;167966
2012-09-03;168174
2012-09-04;168395
2012-09-05;168641
2012-09-06;168914
2012-09-07;169215
2012-09-08;169543
2012-09-09;169882
2012-09-10;170220
2012-09-11;170575
2012-09-12;170966
2012-09-13;171379
2012-09-14;171800
2012-09-15;172226
2012-09-16;172634
2012-09-17;173012
2012-09-18;173379
2012-09-19;173749
2012-09-20;174121
2012-09-21;174490
2012-09-22;174846
2012-09-23;175181
2012-09-24;175499
2012-09-25;175815
2012-09-26;176144
2012-09-27;176481
2012-09-28;176830
2012-09-29;177193
2012-09-30;177550
2012-10-01;177887
2012-10-02;178217
2012-10-03;178545
2012-10-04;178869
2012-10-05;179196
2012-10-06;179531
2012-10-07;179856
2012-10-08;180165
2012-10-09;180473
2012-10-10;180793
2012-10-11;181122
2012-10-12;181462
2012-10-13;181807
2012-10-14;182151
2012-10-15;182496
2012-10-16;182865
2012-10-17;183268
2012-10-18;183702
2012-10-19;184172
2012-10-20;184678
2012-10-21;185201
2012-10-22;185730
2012-10-23;186285
2012-10-24;186873
2012-10-25;187486
2012-10-26;188119
2012-10-27;188764
2012-10-28;189399
2012-10-29;190008
2012-10-30;190610
2012-10-31;191221
2012-11-01;191848
2012-11-02;192502
2012-11-03;193190
2012-11-04;193894
2012-11-05;194596
2012-11-06;195304
2012-11-07;196030
2012-11-08;196761
2012-11-09;197490
2012-11-10;198215
2012-11-12;199580
2012-11-13;200203
2012-11-14;200786
2012-11-15;201330
2012-11-16;201838
2012-11-17;202309
2012-11-18;202722
2012-11-19;203067
2012-11-20;203364
2012-11-21;203632
2012-11-22;203878
2012-11-23;204099
2012-11-24;204291
2012-11-25;204435
2012-11-26;204521
2012-11-27;204565
2012-11-28;204581
2012-11-29;204568
2012-11-30;204525
2012-12-01;204448
2012-12-03;204124
2012-12-04;203889
2012-12-05;203626
2012-12-06;203333
2012-12-07;203009
2012-12-08;202648
2012-12-09;202230
2012-12-10;201752
2012-12-11;201234
2012-12-12;200694
2012-12-13;200138
2012-12-14;199571
2012-12-15;198990
2012-12-16;198378
2012-12-17;197723
2012-12-18;197045
2012-12-19;196362
2012-12-20;195674
2012-12-21;194977
2012-12-22;194281
2012-12-23;193579
2012-12-24;192861
2012-12-26;191462
2012-12-27;190805
2012-12-28;190179
2012-12-29;189581
2012-12-30;189008
2012-12-31;188462
2013-01-01;187949
2013-01-02;187474
2013-01-03;187033
2013-01-04;186632
2013-01-05;186270
2013-01-06;185919
2013-01-07;185564
2013-01-08;185222
2013-01-09;184909
2013-01-10;184627
2013-01-11;184378
2013-01-12;184162
2013-01-13;183970
2013-01-14;183806
2013-01-15;183688
2013-01-16;183632
2013-01-17;183639
2013-01-18;183707
2013-01-19;183835
2013-01-20;184006
2013-01-21;184210
2013-01-22;184459
2013-01-23;184753
2013-01-24;185087
2013-01-25;185462
2013-01-26;185877
2013-01-27;186304
2013-01-28;186720
2013-01-29;187138
2013-01-30;187569
2013-01-31;188006
2013-02-01;188458
2013-02-02;188928
2013-02-03;189395
2013-02-04;189848
2013-02-05;190308
2013-02-06;190796
2013-02-07;191310
2013-02-08;191849
2013-02-09;192404
2013-02-10;192945
2013-02-11;193432
2013-02-12;193866
2013-02-13;194265
2013-02-14;194635
2013-02-15;194985
2013-02-16;195319
2013-02-18;195869
2013-02-19;196094
2013-02-20;196311
2013-02-21;196538
2013-02-22;196793
2013-02-23;197072
2013-02-24;197350
2013-02-25;197611
2013-02-26;197872
2013-02-27;198143
2013-02-28;198421
2013-03-01;198700
2013-03-02;198966
2013-03-04;199371
2013-03-05;199513
2013-03-06;199632
2013-03-07;199726
2013-03-08;199795
2013-03-09;199837
2013-03-10;199832
2013-03-11;199773
2013-03-12;199686
2013-03-13;199581
2013-03-14;199447
2013-03-15;199292
2013-03-16;199117
2013-03-17;198908
2013-03-18;198660
2013-03-19;198406
2013-03-20;198156
2013-03-21;197886
2013-03-22;197595
2013-03-23;197288
2013-03-24;196944
2013-03-25;196556
2013-03-26;196148
2013-03-27;195742
2013-03-28;195341
2013-03-29;194949
2013-03-30;194571
2013-03-31;194191
2013-04-01;193787
2013-04-02;193372
2013-04-03;192967
2013-04-04;192578
2013-04-05;192212
2013-04-06;191868
2013-04-07;191529
2013-04-08;191189
2013-04-09;190858
2013-04-10;190546
2013-04-11;190259
2013-04-12;190004
2013-04-13;189788
2013-04-14;189591
2013-04-15;189400
2013-04-16;189238
2013-04-17;189122
2013-04-18;189056
2013-04-19;189041
2013-04-20;189074
2013-04-21;189136
2013-04-22;189219
2013-04-23;189336
2013-04-24;189493
2013-04-25;189688
2013-04-26;189913
2013-04-27;190160
2013-04-28;190411
2013-04-29;190657
2013-04-30;190916
2013-05-01;191207
2013-05-02;191532
2013-05-03;191892
2013-05-04;192284
2013-05-05;192700
2013-05-06;193137
2013-05-07;193616
2013-05-08;194159
2013-05-09;194773
2013-05-10;195461
2013-05-11;196223
2013-05-12;197032
2013-05-13;197870
2013-05-14;198764
2013-05-15;199729
2013-05-16;200761
2013-05-17;201857
2013-05-18;203010
2013-05-19;204193
2013-05-20;205388
2013-05-21;206614
2013-05-22;207898
2013-05-23;209246
2013-05-24;210652
2013-05-25;212107
2013-05-26;213582
2013-05-27;215056
2013-05-28;216546
2013-05-29;218061
2013-05-30;219593
2013-05-31;221136
2013-06-01;222682
2013-06-02;224203
2013-06-03;225679
2013-06-04;227127
2013-06-05;228569
2013-06-06;230010
2013-06-07;231449
2013-06-08;232879
2013-06-09;234274
2013-06-10;235622
2013-06-11;236942
2013-06-12;238248
2013-06-13;239542
2013-06-14;240824
2013-06-15;242088
2013-06-16;243309
2013-06-17;244469
2013-06-18;245585
2013-06-19;246672
2013-06-20;247707
2013-06-21;248687
2013-06-22;249621
2013-06-24;251249
2013-06-25;251949
2013-06-26;252597
2013-06-27;253166
2013-06-28;253652
2013-06-29;254081
2013-06-30;254438
2013-07-01;254710
2013-07-02;254921
2013-07-03;255088
2013-07-04;255206
2013-07-05;255274
2013-07-06;255284
2013-07-07;255214
2013-07-08;255048
2013-07-09;254810
2013-07-10;254532
2013-07-11;254227
2013-07-12;253897
2013-07-13;253537
2013-07-14;253126
2013-07-15;252654
2013-07-16;252146
2013-07-17;251623
2013-07-18;251096
2013-07-19;250575
2013-07-20;250059
2013-07-21;249524
2013-07-22;248956
2013-07-23;248377
2013-07-24;247810
2013-07-25;247261
2013-07-26;246730
2013-07-27;246215
2013-07-28;245696
2013-07-29;245164
2013-07-30;244642
2013-07-31;244142
2013-08-01;243658
2013-08-02;243188
2013-08-03;242735
2013-08-04;242289
2013-08-05;241846
2013-08-06;241434
2013-08-07;241078
2013-08-08;240781
2013-08-09;240548
2013-08-10;240376
2013-08-11;240249
2013-08-12;240158
2013-08-13;240113
2013-08-14;240122
2013-08-15;240179
2013-08-16;240267
2013-08-17;240379
2013-08-18;240491
2013-08-19;240595
2013-08-20;240715
2013-08-21;240866
2013-08-22;241041
2013-08-23;241241
2013-08-24;241460
2013-08-25;241669
2013-08-26;241855
2013-08-27;242038
2013-08-28;242237
2013-08-29;242446
2013-08-30;242661
2013-08-31;242880
2013-09-01;243078
2013-09-02;243250
2013-09-03;243422
2013-09-04;243614
2013-09-05;243820
2013-09-06;244040
2013-09-07;244273
2013-09-08;244514
2013-09-09;244760
2013-09-10;245033
2013-09-11;245353
2013-09-12;245722
2013-09-13;246116
2013-09-14;246508
2013-09-15;246877
2013-09-16;247213
2013-09-17;247544
2013-09-18;247892
2013-09-19;248251
2013-09-20;248621
2013-09-21;248994
2013-09-22;249345
2013-09-23;249643
2013-09-24;249893
2013-09-25;250115
2013-09-26;250307
2013-09-27;250464
2013-09-28;250595
2013-09-29;250687
2013-09-30;250730
2013-10-01;250753
2013-10-02;250773
2013-10-03;250786
2013-10-04;250788
2013-10-05;250789
2013-10-06;250779
2013-10-07;250745
2013-10-08;250707
2013-10-09;250680
2013-10-10;250661
2013-10-11;250651
2013-10-12;250648
2013-10-13;250632
2013-10-14;250597
2013-10-15;250568
2013-10-16;250565
2013-10-17;250586
2013-10-18;250635
2013-10-19;250711
2013-10-20;250791
2013-10-21;250866
2013-10-22;250959
2013-10-23;251095
2013-10-24;251276
2013-10-25;251507
2013-10-26;251779
2013-10-28;252347
2013-10-29;252659
2013-10-30;253019
2013-10-31;253429
2013-11-01;253885
2013-11-02;254384
2013-11-03;254907
2013-11-04;255436
2013-11-05;255981
2013-11-06;256546
2013-11-07;257127
2013-11-08;257723
2013-11-09;258331
2013-11-10;258925
2013-11-11;259495
2013-11-12;260063
2013-11-13;260625
2013-11-14;261160
2013-11-15;261664
2013-11-16;262129
2013-11-17;262525
2013-11-18;262843
2013-11-19;263109
2013-11-20;263340
2013-11-21;263542
2013-11-22;263715
2013-11-23;263863
2013-11-24;263979
2013-11-25;264057
2013-11-26;264126
2013-11-27;264203
2013-11-28;264284
2013-11-29;264376
2013-11-30;264476
2013-12-01;264562
2013-12-02;264620
2013-12-03;264671
2013-12-04;264734
2013-12-05;264806
2013-12-06;264888
2013-12-07;264980
2013-12-08;265064
2013-12-09;265128
2013-12-10;265196
2013-12-11;265284
2013-12-12;265383
2013-12-13;265489
2013-12-14;265598
2013-12-15;265691
2013-12-16;265754
2013-12-17;265798
2013-12-18;265829
2013-12-19;265847
2013-12-20;265850
2013-12-21;265835
2013-12-22;265792
2013-12-23;265728
2013-12-24;265667
2013-12-26;265588
2013-12-27;265557
2013-12-28;265527
2013-12-29;265476
2013-12-30;265388
2013-12-31;265284
2014-01-01;265198
2014-01-02;265140
2014-01-03;265109
2014-01-04;265101
2014-01-05;265092
2014-01-06;265071
2014-01-07;265058
2014-01-08;265063
2014-01-09;265082
2014-01-10;265115
2014-01-11;265161
2014-01-12;265197
2014-01-13;265208
2014-01-14;265216
2014-01-15;265240
2014-01-16;265286
2014-01-17;265361
2014-01-18;265463
2014-01-19;265571
2014-01-20;265676
2014-01-21;265802
2014-01-22;265969
2014-01-23;266178
2014-01-24;266433
2014-01-25;266730
2014-01-26;267045
2014-01-27;267368
2014-01-28;267728
2014-01-29;268144
2014-01-30;268614
2014-01-31;269143
2014-02-01;269725
2014-02-02;270331
2014-02-03;270945
2014-02-04;271586
2014-02-05;272269
2014-02-06;272985
2014-02-07;273725
2014-02-08;274480
2014-02-09;275216
2014-02-10;275911
2014-02-11;276581
2014-02-12;277242
2014-02-13;277901
2014-02-14;278566
2014-02-15;279237
2014-02-16;279890
2014-02-17;280514
2014-02-18;281136
2014-02-19;281767
2014-02-20;282397
2014-02-21;283046
2014-02-22;283727
2014-02-23;284415
2014-02-24;285101
2014-02-25;285814
2014-02-26;286577
2014-02-27;287392
2014-02-28;288264
2014-03-01;289192
2014-03-02;290147
2014-03-03;291092
2014-03-04;292037
2014-03-05;293008
2014-03-06;294004
2014-03-07;295028
2014-03-08;296081
2014-03-09;297132
2014-03-10;298165
2014-03-11;299204
2014-03-12;300277
2014-03-13;301371
2014-03-14;302470
2014-03-15;303572
2014-03-16;304649
2014-03-17;305685
2014-03-18;306704
2014-03-19;307729
2014-03-20;308742
2014-03-21;309725
2014-03-22;310676
2014-03-23;311574
2014-03-24;312412
2014-03-25;313224
2014-03-26;314034
2014-03-27;314845
2014-03-28;315663
2014-03-29;316483
2014-03-30;317296
2014-03-31;318095
2014-04-01;318903
2014-04-02;319735
2014-04-03;320585
2014-04-04;321455
2014-04-05;322345
2014-04-06;323226
2014-04-07;324079
2014-04-08;324932
2014-04-10;326695
2014-04-11;327569
2014-04-12;328431
2014-04-13;329252
2014-04-14;330018
2014-04-15;330760
2014-04-16;331495
2014-04-17;332228
2014-04-18;332966
2014-04-20;334417
2014-04-21;335067
2014-04-22;335668
2014-04-23;336250
2014-04-24;336820
2014-04-25;337389
2014-04-27;338497
2014-04-28;338999
2014-04-29;339496
2014-04-30;340013
2014-05-01;340553
2014-05-02;341116
2014-05-03;341700
2014-05-04;342277
2014-05-05;342831
2014-05-06;343392
2014-05-07;343977
2014-05-08;344579
2014-05-09;345204
2014-05-10;345852
2014-05-11;346488
2014-05-12;347093
2014-05-13;347696
2014-05-14;348315
2014-05-15;348949
2014-05-16;349595
2014-05-17;350249
2014-05-19;351487
2014-05-20;352082
2014-05-21;352692
2014-05-22;353318
2014-05-23;353963
2014-05-24;354624
2014-05-25;355275
2014-05-26;355874
2014-05-27;356433
2014-05-28;356979
2014-05-29;357515
2014-05-30;358044
2014-05-31;358568
2014-06-01;359060
2014-06-02;359509
2014-06-03;359947
2014-06-04;360396
2014-06-05;360855
2014-06-06;361322
2014-06-07;361788
2014-06-08;362221
2014-06-09;362594
2014-06-10;362933
2014-06-11;363279
2014-06-12;363647
2014-06-13;364030
2014-06-14;364420
2014-06-15;364784
2014-06-16;365097
2014-06-17;365383
2014-06-18;365658
2014-06-19;365917
2014-06-20;366147
2014-06-21;366349
2014-06-22;366509
2014-06-23;366614
2014-06-24;366701
2014-06-25;366790
2014-06-26;366879
2014-06-27;366950
2014-06-28;367000
2014-06-29;367032
2014-06-30;367037
2014-07-01;367051
2014-07-02;367093
2014-07-03;367154
2014-07-04;367228
2014-07-05;367306
2014-07-06;367357
2014-07-07;367368
2014-07-08;367344
2014-07-09;367286
2014-07-10;367194
2014-07-11;367069
2014-07-12;366905
2014-07-13;366675
2014-07-14;366362
2014-07-15;365995
2014-07-16;365599
2014-07-17;365173
2014-07-18;364709
2014-07-19;364214
2014-07-20;363679
2014-07-21;363090
2014-07-22;362475
2014-07-23;361856
2014-07-24;361229
2014-07-25;360596
2014-07-26;359952
2014-07-27;359269
2014-07-28;358533
2014-07-29;357774
2014-07-30;357032
2014-07-31;356328
2014-08-01;355659
2014-08-02;355023
2014-08-03;354394
2014-08-04;353753
2014-08-05;353128
2014-08-06;352540
2014-08-07;351984
2014-08-08;351460
2014-08-09;350961
2014-08-10;350457
2014-08-11;349935
2014-08-12;349404
2014-08-13;348877
2014-08-14;348368
2014-08-15;347885
2014-08-16;347432
2014-08-17;346979
2014-08-18;346509
2014-08-19;346051
2014-08-20;345625
2014-08-21;345223
2014-08-22;344842
2014-08-23;344477
2014-08-24;344102
2014-08-25;343703
2014-08-26;343306
2014-08-27;342936
2014-08-28;342591
2014-08-29;342270
2014-08-30;341969
2014-08-31;341657
2014-09-01;341315
2014-09-02;340967
2014-09-03;340653
2014-09-04;340390
2014-09-05;340171
2014-09-06;339987
2014-09-07;339810
2014-09-08;339623
2014-09-09;339453
2014-09-10;339323
2014-09-11;339229
2014-09-12;339170
2014-09-13;339133
2014-09-14;339075
2014-09-15;338984
2014-09-16;338892
2014-09-17;338828
2014-09-18;338793
2014-09-19;338784
2014-09-20;338801
2014-09-21;338816
2014-09-22;338813
2014-09-23;338800
2014-09-24;338783
2014-09-25;338768
2014-09-26;338758
2014-09-27;338749
2014-09-28;338718
2014-09-29;338654
2014-09-30;338590
2014-10-01;338545
2014-10-02;338509
2014-10-03;338481
2014-10-04;338451
2014-10-05;338407
2014-10-06;338348
2014-10-07;338288
2014-10-08;338246
2014-10-09;338214
2014-10-10;338197
2014-10-11;338196
2014-10-12;338186
2014-10-13;338159
2014-10-14;338144
2014-10-15;338163
2014-10-16;338221
2014-10-17;338323
2014-10-18;338463
2014-10-19;338612
2014-10-20;338753
2014-10-21;338909
2014-10-22;339100
2014-10-23;339318
2014-10-24;339562
2014-10-25;339827
2014-10-26;340086
2014-10-27;340322
2014-10-28;340565
2014-10-29;340839
2014-10-30;341144
2014-10-31;341486
2014-11-01;341867
2014-11-02;342263
2014-11-03;342661
2014-11-04;343096
2014-11-05;343587
2014-11-06;344110
2014-11-07;344640
2014-11-08;345164
2014-11-09;345653
2014-11-10;346086
2014-11-11;346489
2014-11-12;346882
2014-11-13;347244
2014-11-14;347556
2014-11-15;347813
2014-11-16;347985
2014-11-17;348064
2014-11-18;348083
2014-11-19;348068
2014-11-20;348042
2014-11-21;348017
2014-11-22;347983
2014-11-23;347907
2014-11-24;347771
2014-11-25;347605
2014-11-26;347432
2014-11-27;347250
2014-11-28;347059
2014-11-29;346862
2014-11-30;346636
2014-12-01;346367
2014-12-02;346084
2014-12-03;345811
2014-12-04;345545
2014-12-05;345285
2014-12-06;345027
2014-12-07;344739
2014-12-08;344405
2014-12-09;344048
2014-12-10;343691
2014-12-11;343336
2014-12-12;342982
2014-12-13;342621
2014-12-14;342227
2014-12-15;341787
2014-12-16;341329
2014-12-17;340879
2014-12-18;340440
2014-12-19;340011
2014-12-20;339588
2014-12-21;339145
2014-12-22;338680
2014-12-23;338240
2014-12-24;337846
2014-12-25;337491
2014-12-26;337170
2014-12-27;336876
2014-12-28;336578
2014-12-29;336256
2014-12-30;335935
2014-12-31;335635
2015-01-01;335373
2015-01-02;335161
2015-01-03;334987
2015-01-04;334819
2015-01-05;334641
2015-01-06;334476
2015-01-07;334342
2015-01-08;334236
2015-01-09;334150
2015-01-10;334081
2015-01-11;334003
2015-01-12;333900
2015-01-13;333801
2015-01-14;333731
2015-01-15;333696
2015-01-16;333698
2015-01-17;333733
2015-01-18;333775
2015-01-19;333806
2015-01-20;333853
2015-01-21;333930
2015-01-22;334029
2015-01-23;334145
2015-01-24;334270
2015-01-25;334373
2015-01-26;334442
2015-01-27;334505
2015-01-28;334585
2015-01-29;334685
2015-01-30;334804
2015-01-31;334936
2015-02-01;335068
2015-02-02;335189
2015-02-03;335318
2015-02-04;335477
2015-02-05;335661
2015-02-06;335860
2015-02-07;336065
2015-02-08;336241
2015-02-09;336360
2015-02-10;336440
2015-02-11;336497
2015-02-12;336516
2015-02-13;336491
2015-02-14;336441
2015-02-15;336359
2015-02-16;336217
2015-02-17;336029
2015-02-18;335821
2015-02-19;335594
2015-02-20;335351
2015-02-21;335110
2015-02-22;334866
2015-02-23;334608
2015-02-24;334371
2015-02-25;334175
2015-02-26;334019
2015-02-27;333899
2015-02-28;333806
2015-03-01;333711
2015-03-02;333597
2015-03-03;333489
2015-03-04;333412
2015-03-05;333362
2015-03-06;333333
2015-03-07;333322
2015-03-08;333298
2015-03-09;333241
2015-03-10;333171
2015-03-11;333111
2015-03-12;333068
2015-03-13;333026
2015-03-14;332967
2015-03-15;332865
2015-03-16;332709
2015-03-17;332534
2015-03-18;332369
2015-03-19;332225
2015-03-20;332087
2015-03-21;331933
2015-03-23;331511
2015-03-24;331276
2015-03-25;331067
2015-03-26;330870
2015-03-27;330669
2015-03-28;330464
2015-03-29;330229
2015-03-30;329950
2015-03-31;329656
2015-04-01;329369
2015-04-02;329087
2015-04-03;328804
2015-04-04;328519
2015-04-05;328205
2015-04-06;327828
2015-04-07;327411
2015-04-08;326990
2015-04-09;326568
2015-04-10;326145
2015-04-11;325716
2015-04-12;325260
2015-04-13;324764
2015-04-14;324259
2015-04-15;323767
2015-04-16;323290
2015-04-17;322835
2015-04-18;322401
2015-04-19;321969
2015-04-20;321525
2015-04-21;321094
2015-04-22;320703
2015-04-23;320346
2015-04-24;320022
2015-04-25;319722
2015-04-26;319416
2015-04-27;319085
2015-04-28;318749
2015-04-29;318431
2015-04-30;318129
2015-05-01;317846
2015-05-02;317583
2015-05-03;317317
2015-05-04;317036
2015-05-05;316766
2015-05-06;316528
2015-05-07;316325
2015-05-08;316158
2015-05-09;316023
2015-05-10;315910
2015-05-11;315820
2015-05-12;315765
2015-05-13;315756
2015-05-14;315794
2015-05-15;315875
2015-05-16;315987
2015-05-17;316105
2015-05-18;316212
2015-05-19;316335
2015-05-20;316495
2015-05-21;316691
2015-05-22;316919
2015-05-23;317169
2015-05-24;317411
2015-05-25;317626
2015-05-26;317818
2015-05-27;318007
2015-05-28;318212
2015-05-29;318433
2015-05-30;318665
2015-05-31;318877
2015-06-01;319054
2015-06-02;319223
2015-06-03;319409
2015-06-04;319610
2015-06-05;319830
2015-06-06;320063
2015-06-07;320282
2015-06-08;320473
2015-06-09;320668
2015-06-10;320888
2015-06-11;321132
2015-06-12;321395
2015-06-13;321667
2015-06-14;321916
2015-06-15;322124
2015-06-16;322310
2015-06-17;322496
2015-06-18;322682
2015-06-19;322860
2015-06-20;323011
2015-06-21;323119
2015-06-22;323183
2015-06-23;323228
2015-06-24;323269
2015-06-25;323300
2015-06-26;323313
2015-06-27;323281
2015-06-29;323021
2015-06-30;322831
2015-07-01;322629
2015-07-02;322393
2015-07-03;322105
2015-07-04;321772
2015-07-05;321386
2015-07-06;320932
2015-07-07;320444
2015-07-08;319948
2015-07-09;319442
2015-07-10;318926
2015-07-11;318389
2015-07-12;317806
2015-07-13;317167
2015-07-14;316505
2015-07-15;315864
2015-07-16;315255
2015-07-17;314666
2015-07-18;314086
2015-07-19;313488
2015-07-20;312861
2015-07-21;312233
2015-07-22;311626
2015-07-23;311034
2015-07-24;310461
2015-07-25;309905
2015-07-26;309336
2015-07-27;308738
2015-07-28;308134
2015-07-29;307544
2015-07-30;306964
2015-07-31;306390
2015-08-01;305821
2015-08-02;305235
2015-08-03;304621
2015-08-04;304011
2015-08-05;303430
2015-08-06;302881
2015-08-07;302362
2015-08-08;301865
2015-08-09;301363
2015-08-10;300846
2015-08-11;300344
2015-08-12;299884
2015-08-13;299474
2015-08-14;299121
2015-08-15;298826
2015-08-16;298563
2015-08-17;298320
2015-08-18;298108
2015-08-19;297929
2015-08-20;297782
2015-08-21;297660
2015-08-22;297554
2015-08-23;297437
2015-08-24;297299
2015-08-25;297166
2015-08-26;297054
2015-08-27;296959
2015-08-28;296879
2015-08-29;296806
2015-08-30;296712
2015-08-31;296588
2015-09-01;296463
2015-09-02;296352
2015-09-03;296266
2015-09-04;296222
2015-09-05;296211
2015-09-06;296202
2015-09-07;296181
2015-09-08;296179
2015-09-09;296219
2015-09-10;296296
2015-09-11;296407
2015-09-12;296547
2015-09-13;296684
2015-09-14;296803
2015-09-15;296927
2015-09-16;297076
2015-09-17;297241
2015-09-18;297416
2015-09-19;297595
2015-09-20;297750
2015-09-21;297867
2015-09-22;297974
2015-09-23;298077
2015-09-24;298162
2015-09-25;298228
2015-09-26;298268
2015-09-27;298258
2015-09-28;298190
2015-09-29;298088
2015-09-30;297974
2015-10-01;297846
2015-10-02;297705
2015-10-03;297545
2015-10-04;297341
2015-10-05;297088
2015-10-06;296827
2015-10-07;296574
2015-10-08;296324
2015-10-09;296081
2015-10-10;295856
2015-10-11;295636
2015-10-12;295412
2015-10-13;295211
2015-10-14;295054
2015-10-15;294934
2015-10-16;294846
2015-10-17;294786
2015-10-18;294731
2015-10-19;294670
2015-10-20;294631
2015-10-21;294628
2015-10-22;294653
2015-10-23;294697
2015-10-24;294751
2015-10-25;294790
2015-10-26;294798
2015-10-27;294802
2015-10-28;294823
2015-10-29;294863
2015-10-30;294928
2015-10-31;295019
2015-11-01;295112
2015-11-02;295196
2015-11-03;295299
2015-11-04;295446
2015-11-05;295636
2015-11-06;295850
2015-11-07;296063
2015-11-08;296251
2015-11-09;296400
2015-11-10;296536
2015-11-11;296682
2015-11-12;296834
2015-11-13;296967
2015-11-14;297060
2015-11-15;297092
2015-11-16;297058
2015-11-17;296990
2015-11-18;296910
2015-11-19;296819
2015-11-20;296720
2015-11-21;296610
2015-11-22;296455
2015-11-23;296236
2015-11-24;295977
2015-11-25;295705
2015-11-26;295428
2015-11-27;295146
2015-11-28;294858
2015-11-29;294542
2015-11-30;294187
2015-12-01;293819
2015-12-02;293458
2015-12-03;293106
2015-12-04;292763
2015-12-05;292424
2015-12-06;292066
2015-12-07;291676
2015-12-08;291279
2015-12-09;290898
2015-12-10;290528
2015-12-11;290167
2015-12-12;289814
2015-12-13;289451
2015-12-14;289069
2015-12-15;288702
2015-12-16;288374
2015-12-17;288080
2015-12-18;287815
2015-12-19;287575
2015-12-20;287335
2015-12-21;287079
2015-12-22;286830
2015-12-23;286609
2015-12-24;286419
2015-12-25;286257
2015-12-26;286119
2015-12-27;285980
2015-12-28;285823
2015-12-29;285668
2015-12-30;285533
2015-12-31;285412
2016-01-01;285316
2016-01-02;285251
2016-01-03;285192
2016-01-04;285129
2016-01-05;285090
2016-01-06;285095
2016-01-07;285139
2016-01-08;285222
2016-01-09;285341
2016-01-10;285472
2016-01-11;285606
2016-01-12;285768
2016-01-13;285978
2016-01-14;286241
2016-01-15;286552
2016-01-16;286904
2016-01-17;287271
2016-01-18;287632
2016-01-19;288011
2016-01-20;288428
2016-01-21;288873
2016-01-22;289343
2016-01-23;289830
2016-01-24;290310
2016-01-25;290764
2016-01-26;291215
2016-01-27;291677
2016-01-28;292145
2016-01-29;292612
2016-01-30;293075
2016-01-31;293513
2016-02-01;293915
2016-02-02;294304
2016-02-03;294697
2016-02-04;295092
2016-02-05;295483
2016-02-06;295858
2016-02-07;296187
2016-02-08;296430
2016-02-09;296597
2016-02-10;296713
2016-02-11;296772
2016-02-12;296768
2016-02-13;296694
2016-02-14;296546
2016-02-15;296334
2016-02-16;296084
2016-02-17;295814
2016-02-18;295519
2016-02-19;295197
2016-02-20;294847
2016-02-21;294467
2016-02-22;294063
2016-02-23;293660
2016-02-24;293280
2016-02-25;292925
2016-02-26;292595
2016-02-27;292286
2016-02-28;291966
2016-02-29;291624
2016-03-01;291283
2016-03-02;290965
2016-03-03;290665
2016-03-04;290376
2016-03-05;290090
2016-03-06;289787
2016-03-07;289453
2016-03-08;289116
2016-03-09;288799
2016-03-10;288501
2016-03-11;288223
2016-03-12;287962
2016-03-13;287698
2016-03-14;287421
2016-03-15;287160
2016-03-16;286943
2016-03-17;286756
2016-03-18;286581
2016-03-19;286416
2016-03-20;286243
2016-03-21;286053
2016-03-22;285873
2016-03-23;285724
2016-03-24;285602
2016-03-25;285508
2016-03-26;285433
2016-03-27;285362
2016-03-28;285292
2016-03-29;285241
2016-03-30;285220
2016-03-31;285223
2016-04-01;285242
2016-04-02;285266
2016-04-03;285287
2016-04-04;285300
2016-04-05;285322
2016-04-06;285365
2016-04-07;285424
2016-04-08;285494
2016-04-09;285566
2016-04-10;285637
2016-04-11;285705
2016-04-12;285788
2016-04-13;285898
2016-04-14;286028
2016-04-15;286170
2016-04-16;286321
2016-04-17;286476
2016-04-18;286628
2016-04-19;286796
2016-04-20;286992
2016-04-21;287206
2016-04-22;287431
2016-04-23;287652
2016-04-24;287859
2016-04-25;288049
2016-04-26;288238
2016-04-27;288444
2016-04-28;288656
2016-04-29;288863
2016-04-30;289059
2016-05-01;289235
2016-05-02;289384
2016-05-03;289528
2016-05-04;289682
2016-05-05;289838
2016-05-06;289986
