"PERIODE";"NATIONAL"
2009-09-01;0
2009-09-02;0
2009-09-03;0
2009-09-04;0
2009-09-05;0
2009-09-06;0
2009-09-07;0
2009-09-08;0
2009-09-09;0
2009-09-10;0
2009-09-11;0
2009-09-12;0
2009-09-13;0
2009-09-14;0
2009-09-15;0
2009-09-16;0
2009-09-17;0
2009-09-18;0,01
2009-09-19;0,03
2009-09-20;0,04
2009-09-21;0,14
2009-09-22;0,33
2009-09-23;0,68
2009-09-24;1,48
2009-09-25;3,63
2009-09-26;5,84
2009-09-27;5,92
2009-09-28;9,87
2009-09-29;14,41
2009-09-30;17,87
2009-10-01;21,02
2009-10-02;23,97
2009-10-03;25,48
2009-10-04;25,59
2009-10-05;27,98
2009-10-06;30,69
2009-10-07;32,8
2009-10-08;34,74
2009-10-09;36,63
2009-10-10;37,6
2009-10-11;37,64
2009-10-12;39,33
2009-10-13;41,3
2009-10-14;42,81
2009-10-15;44,24
2009-10-16;45,6
2009-10-17;46,35
2009-10-18;46,39
2009-10-19;47,74
2009-10-20;49,3
2009-10-21;50,46
2009-10-22;51,56
2009-10-23;52,5
2009-10-24;52,95
2009-10-25;52,99
2009-10-26;53,77
2009-10-27;54,6
2009-10-28;55,24
2009-10-29;55,85
2009-10-30;56,41
2009-10-31;56,7
2009-11-01;56,76
2009-11-02;57,32
2009-11-03;57,95
2009-11-04;58,5
2009-11-05;59,05
2009-11-06;59,54
2009-11-07;59,79
2009-11-08;59,8
2009-11-09;60,24
2009-11-10;60,73
2009-11-11;60,75
2009-11-12;61,21
2009-11-13;61,56
2009-11-14;61,72
2009-11-15;61,73
2009-11-16;62,02
2009-11-17;62,34
2009-11-18;62,57
2009-11-19;62,79
2009-11-20;63,01
2009-11-21;63,11
2009-11-22;63,12
2009-11-23;63,3
2009-11-24;63,5
2009-11-25;63,67
2009-11-26;63,8
2009-11-27;63,95
2009-11-28;64,02
2009-11-29;64,02
2009-11-30;64,15
2009-12-01;64,28
2009-12-02;64,38
2009-12-03;64,48
2009-12-04;64,58
2009-12-05;64,62
2009-12-06;64,62
2009-12-07;64,7
2009-12-08;64,79
2009-12-09;64,87
2009-12-10;64,93
2009-12-11;65
2009-12-12;65,03
2009-12-13;65,04
2009-12-14;65,1
2009-12-15;65,15
2009-12-16;65,2
2009-12-17;65,24
2009-12-18;65,28
2009-12-19;65,3
2009-12-20;65,3
2009-12-21;65,33
2009-12-22;65,36
2009-12-23;65,38
2009-12-24;65,4
2009-12-25;65,41
2009-12-26;65,42
2009-12-27;65,42
2009-12-28;65,45
2009-12-29;65,48
2009-12-30;65,52
2009-12-31;65,55
2010-01-01;65,55
2010-01-02;65,56
2010-01-03;65,56
2010-01-04;65,57
2010-01-05;65,58
2010-01-06;65,59
2010-01-07;65,6
2010-01-08;65,61
2010-01-09;65,62
2010-01-10;65,62
2010-01-11;65,63
2010-01-12;65,64
2010-01-13;65,65
2010-01-14;65,65
2010-01-15;65,66
2010-01-16;65,67
2010-01-17;65,67
2010-01-18;65,67
2010-01-19;65,68
2010-01-20;65,68
2010-01-21;65,69
2010-01-22;65,7
2010-01-23;65,7
2010-01-24;65,7
2010-01-25;65,7
2010-01-26;65,71
2010-01-27;65,72
2010-01-28;65,73
2010-01-29;65,73
2010-01-30;65,73
2010-01-31;65,74
2010-02-01;65,74
2010-02-02;65,74
2010-02-03;65,74
2010-02-04;65,75
2010-02-05;65,75
2010-02-06;65,75
2010-02-07;65,75
2010-02-08;65,75
2010-02-09;65,76
2010-02-10;65,76
2010-02-11;65,76
2010-02-12;65,76
2010-02-13;65,76
2010-02-14;65,76
2010-02-15;65,77
2010-02-16;65,77
2010-02-17;65,77
2010-02-18;65,77
2010-02-19;65,77
2010-02-20;65,77
2010-02-21;65,77
2010-02-22;65,77
2010-02-23;65,78
2010-02-24;65,78
2010-02-25;65,78
2010-02-26;65,78
2010-02-27;65,78
2010-02-28;65,78
2010-03-01;65,78
2010-03-02;65,78
2010-03-03;65,78
2010-03-04;65,79
2010-03-05;65,79
2010-03-06;65,79
2010-03-07;65,79
2010-03-08;65,79
2010-03-09;65,79
2010-03-10;65,79
2010-03-11;65,79
2010-03-12;65,8
2010-03-13;65,8
2010-03-14;65,8
2010-03-15;65,8
2010-03-16;65,8
2010-03-17;65,8
2010-03-18;65,8
2010-03-19;65,8
2010-03-20;65,8
2010-03-21;65,8
2010-03-22;65,8
2010-03-23;65,8
2010-03-24;65,81
2010-03-25;65,81
2010-03-26;65,81
2010-03-27;65,81
2010-03-28;65,81
2010-03-29;65,81
2010-03-30;65,81
2010-03-31;65,81
2010-04-01;65,81
2010-04-02;65,81
2010-04-03;65,81
2010-04-04;65,81
2010-04-05;65,81
2010-04-06;65,81
2010-04-07;65,82
2010-04-08;65,82
2010-04-09;65,82
2010-04-10;65,82
2010-04-11;65,82
2010-04-12;65,82
2010-04-13;65,82
2010-04-14;65,82
2010-04-15;65,82
2010-04-16;65,82
2010-04-17;65,82
2010-04-18;65,82
2010-04-19;65,82
2010-04-20;65,82
2010-04-21;65,82
2010-04-22;65,82
2010-04-23;65,82
2010-04-24;65,82
2010-04-25;65,82
2010-04-26;65,82
2010-04-27;65,82
2010-04-28;65,83
2010-04-29;65,83
2010-04-30;65,83
2010-05-01;65,83
2010-05-02;65,83
2010-05-03;65,83
2010-05-04;65,83
2010-05-05;65,83
2010-05-06;65,83
2010-05-07;65,83
2010-05-08;65,83
2010-05-09;65,83
2010-05-10;65,83
2010-05-11;65,83
2010-05-12;65,83
2010-05-13;65,83
2010-05-14;65,83
2010-05-15;65,83
2010-05-16;65,83
2010-05-17;65,83
2010-05-18;65,83
2010-05-19;65,83
2010-05-20;65,83
2010-05-21;65,83
2010-05-22;65,83
2010-05-23;65,83
2010-05-24;65,83
2010-05-25;65,83
2010-05-26;65,83
2010-05-27;65,83
2010-05-28;65,83
2010-05-29;65,83
2010-05-30;65,83
2010-05-31;65,83
2010-06-01;65,83
2010-06-02;65,84
2010-06-03;65,84
2010-06-04;65,84
2010-06-05;65,84
2010-06-06;65,84
2010-06-07;65,84
2010-06-08;65,84
2010-06-09;65,84
2010-06-10;65,84
2010-06-11;65,84
2010-06-12;65,84
2010-06-13;65,84
2010-06-14;65,84
2010-06-15;65,84
2010-06-16;65,84
2010-06-17;65,84
2010-06-18;65,84
2010-06-19;65,84
2010-06-20;65,84
2010-06-21;65,84
2010-06-22;65,84
2010-06-23;65,84
2010-06-24;65,84
2010-06-25;65,84
2010-06-26;65,84
2010-06-27;65,84
2010-06-28;65,84
2010-06-29;65,84
2010-06-30;65,84
2010-07-01;65,84
2010-07-02;65,84
2010-07-03;65,84
2010-07-04;65,84
2010-07-05;65,84
2010-07-06;65,84
2010-07-07;65,84
2010-07-08;65,84
2010-07-09;65,84
2010-07-10;65,84
2010-07-11;65,84
2010-07-12;65,84
2010-07-13;65,84
2010-07-14;65,84
2010-07-15;65,84
2010-07-16;65,84
2010-07-17;65,84
2010-07-18;65,84
2010-07-19;65,84
2010-07-20;65,84
2010-07-21;65,84
2010-07-22;65,84
2010-07-23;65,85
2010-07-24;65,85
2010-07-25;65,85
2010-07-26;65,85
2010-07-27;65,85
2010-07-28;65,85
2010-07-29;65,85
2010-07-30;65,85
2010-07-31;65,85
2010-08-01;65,85
2010-08-02;65,85
2010-08-03;65,85
2010-08-04;65,85
2010-08-05;65,85
2010-08-06;65,85
2010-08-07;65,85
2010-08-08;65,85
2010-08-09;65,85
2010-08-10;65,85
2010-08-11;65,85
2010-08-12;65,85
2010-08-13;65,85
2010-08-14;65,85
2010-08-15;65,85
2010-08-16;65,85
2010-08-17;65,85
2010-08-18;65,85
2010-08-19;65,85
2010-08-20;65,85
2010-08-21;65,85
2010-08-22;65,85
2010-08-23;65,85
2010-08-24;65,85
2010-08-25;65,85
2010-08-26;65,85
2010-08-27;65,85
2010-08-28;65,85
2010-08-29;65,85
2010-08-30;65,85
2010-08-31;65,85
2010-09-01;0
2010-09-02;0
2010-09-03;0
2010-09-04;0
2010-09-05;0
2010-09-06;0
2010-09-07;0
2010-09-08;0
2010-09-09;0
2010-09-10;0
2010-09-11;0
2010-09-12;0
2010-09-13;0
2010-09-14;0
2010-09-15;0
2010-09-16;0
2010-09-17;0
2010-09-18;0,01
2010-09-19;0,01
2010-09-20;0,15
2010-09-21;0,54
2010-09-22;1,07
2010-09-23;1,74
2010-09-24;2,65
2010-09-25;3,27
2010-09-26;3,29
2010-09-27;4,46
2010-09-28;5,88
2010-09-29;7,17
2010-09-30;8,43
2010-10-01;9,63
2010-10-02;10,27
2010-10-03;10,29
2010-10-04;11,44
2010-10-05;13,03
2010-10-06;14,35
2010-10-07;15,67
2010-10-08;16,94
2010-10-09;17,62
2010-10-10;17,67
2010-10-11;19,01
2010-10-12;20,54
2010-10-13;21,89
2010-10-14;23,23
2010-10-15;24,59
2010-10-16;25,36
2010-10-17;25,39
2010-10-18;26,85
2010-10-19;28,54
2010-10-20;30,04
2010-10-21;31,42
2010-10-22;32,72
2010-10-23;33,43
2010-10-24;33,46
2010-10-25;34,68
2010-10-26;36,09
2010-10-27;37,21
2010-10-28;38,25
2010-10-29;39,21
2010-10-30;39,72
2010-10-31;39,77
2010-11-01;39,81
2010-11-02;41,17
2010-11-03;42,32
2010-11-04;43,4
2010-11-05;44,37
2010-11-06;44,88
2010-11-07;44,9
2010-11-08;45,81
2010-11-09;46,85
2010-11-10;47,63
2010-11-11;47,66
2010-11-12;48,45
2010-11-13;48,84
2010-11-14;48,85
2010-11-15;49,55
2010-11-16;50,32
2010-11-17;50,89
2010-11-18;51,46
2010-11-19;51,93
2010-11-20;52,19
2010-11-21;52,2
2010-11-22;52,61
2010-11-23;53,12
2010-11-24;53,51
2010-11-25;53,86
2010-11-26;54,17
2010-11-27;54,32
2010-11-28;54,33
2010-11-29;54,62
2010-11-30;54,92
2010-12-01;55,15
2010-12-02;55,38
2010-12-03;55,59
2010-12-04;55,69
2010-12-05;55,71
2010-12-06;55,92
2010-12-07;56,13
2010-12-08;56,3
2010-12-09;56,47
2010-12-10;56,65
2010-12-11;56,73
2010-12-12;56,73
2010-12-13;56,88
2010-12-14;57,02
2010-12-15;57,13
2010-12-16;57,23
2010-12-17;57,32
2010-12-18;57,37
2010-12-19;57,38
2010-12-20;57,45
2010-12-21;57,53
2010-12-22;57,6
2010-12-23;57,67
2010-12-24;57,72
2010-12-25;57,72
2010-12-26;57,73
2010-12-27;57,81
2010-12-28;57,91
2010-12-29;58,03
2010-12-30;58,15
2010-12-31;58,23
2011-01-01;58,24
2011-01-02;58,24
2011-01-03;58,29
2011-01-04;58,35
2011-01-05;58,4
2011-01-06;58,46
2011-01-07;58,51
2011-01-08;58,53
2011-01-09;58,53
2011-01-10;58,55
2011-01-11;58,59
2011-01-12;58,61
2011-01-13;58,64
2011-01-14;58,67
2011-01-15;58,68
2011-01-16;58,68
2011-01-17;58,7
2011-01-18;58,75
2011-01-19;58,77
2011-01-20;58,79
2011-01-21;58,8
2011-01-22;58,81
2011-01-23;58,81
2011-01-24;58,82
2011-01-25;58,83
2011-01-26;58,84
2011-01-27;58,85
2011-01-28;58,86
2011-01-29;58,87
2011-01-30;58,87
2011-01-31;58,87
2011-02-01;58,88
2011-02-02;58,89
2011-02-03;58,89
2011-02-04;58,9
2011-02-05;58,9
2011-02-06;58,9
2011-02-07;58,9
2011-02-08;58,91
2011-02-09;58,91
2011-02-10;58,91
2011-02-11;58,92
2011-02-12;58,92
2011-02-13;58,92
2011-02-14;58,92
2011-02-15;58,93
2011-02-16;58,93
2011-02-17;58,93
2011-02-18;58,94
2011-02-19;58,94
2011-02-20;58,94
2011-02-21;58,94
2011-02-22;58,95
2011-02-23;58,95
2011-02-24;58,95
2011-02-25;58,95
2011-02-26;58,95
2011-02-27;58,95
2011-02-28;58,96
2011-03-01;58,96
2011-03-02;58,96
2011-03-03;58,96
2011-03-04;58,97
2011-03-05;58,97
2011-03-06;58,97
2011-03-07;58,97
2011-03-08;58,97
2011-03-09;58,97
2011-03-10;58,97
2011-03-11;58,97
2011-03-12;58,97
2011-03-13;58,97
2011-03-14;58,97
2011-03-15;58,97
2011-03-16;58,97
2011-03-17;58,97
2011-03-18;58,98
2011-03-19;58,98
2011-03-20;58,98
2011-03-21;58,98
2011-03-22;58,98
2011-03-23;58,98
2011-03-24;58,98
2011-03-25;58,98
2011-03-26;58,98
2011-03-27;58,98
2011-03-28;58,98
2011-03-29;58,98
2011-03-30;58,98
2011-03-31;58,98
2011-04-01;58,99
2011-04-02;58,99
2011-04-03;58,99
2011-04-04;58,99
2011-04-05;58,99
2011-04-06;58,99
2011-04-07;58,99
2011-04-08;58,99
2011-04-09;58,99
2011-04-10;58,99
2011-04-11;58,99
2011-04-12;58,99
2011-04-13;58,99
2011-04-14;58,99
2011-04-15;58,99
2011-04-16;58,99
2011-04-17;58,99
2011-04-18;58,99
2011-04-19;58,99
2011-04-20;58,99
2011-04-21;58,99
2011-04-22;58,99
2011-04-23;58,99
2011-04-24;58,99
2011-04-25;58,99
2011-04-26;58,99
2011-04-27;58,99
2011-04-28;58,99
2011-04-29;59
2011-04-30;59
2011-05-01;59
2011-05-02;59
2011-05-03;59
2011-05-04;59
2011-05-05;59
2011-05-06;59
2011-05-07;59
2011-05-08;59
2011-05-09;59
2011-05-10;59
2011-05-11;59
2011-05-12;59
2011-05-13;59
2011-05-14;59
2011-05-15;59
2011-05-16;59
2011-05-17;59
2011-05-18;59
2011-05-19;59
2011-05-20;59
2011-05-21;59
2011-05-22;59
2011-05-23;59
2011-05-24;59
2011-05-25;59
2011-05-26;59
2011-05-27;59
2011-05-28;59
2011-05-29;59
2011-05-30;59
2011-05-31;59
2011-06-01;59,01
2011-06-02;59,01
2011-06-03;59,01
2011-06-04;59,01
2011-06-05;59,01
2011-06-06;59,01
2011-06-07;59,01
2011-06-08;59,01
2011-06-09;59,01
2011-06-10;59,01
2011-06-11;59,01
2011-06-12;59,01
2011-06-13;59,01
2011-06-14;59,01
2011-06-15;59,01
2011-06-16;59,01
2011-06-17;59,01
2011-06-18;59,01
2011-06-19;59,01
2011-06-20;59,01
2011-06-21;59,01
2011-06-22;59,01
2011-06-23;59,01
2011-06-24;59,01
2011-06-25;59,01
2011-06-26;59,01
2011-06-27;59,01
2011-06-28;59,01
2011-06-29;59,01
2011-06-30;59,01
2011-07-01;59,01
2011-07-02;59,01
2011-07-03;59,01
2011-07-04;59,01
2011-07-05;59,01
2011-07-06;59,01
2011-07-07;59,01
2011-07-08;59,01
2011-07-09;59,01
2011-07-10;59,01
2011-07-11;59,01
2011-07-12;59,01
2011-07-13;59,01
2011-07-14;59,01
2011-07-15;59,01
2011-07-16;59,01
2011-07-17;59,01
2011-07-18;59,01
2011-07-19;59,01
2011-07-20;59,01
2011-07-21;59,01
2011-07-22;59,01
2011-07-23;59,01
2011-07-24;59,01
2011-07-25;59,01
2011-07-26;59,01
2011-07-27;59,01
2011-07-28;59,01
2011-07-29;59,01
2011-07-30;59,01
2011-07-31;59,01
2011-08-01;59,01
2011-08-02;59,01
2011-08-03;59,01
2011-08-04;59,01
2011-08-05;59,01
2011-08-06;59,01
2011-08-07;59,01
2011-08-08;59,01
2011-08-09;59,01
2011-08-10;59,01
2011-08-11;59,01
2011-08-12;59,01
2011-08-13;59,01
2011-08-14;59,01
2011-08-15;59,01
2011-08-16;59,01
2011-08-17;59,01
2011-08-18;59,01
2011-08-19;59,01
2011-08-20;59,01
2011-08-21;59,01
2011-08-22;59,01
2011-08-23;59,01
2011-08-24;59,01
2011-08-25;59,02
2011-08-26;59,02
2011-08-27;59,02
2011-08-28;59,02
2011-08-29;59,02
2011-08-30;59,02
2011-08-31;59,02
2011-09-01;0
2011-09-02;0
2011-09-03;0
2011-09-04;0
2011-09-05;0
2011-09-06;0
2011-09-07;0
2011-09-08;0
2011-09-09;0
2011-09-10;0
2011-09-11;0
2011-09-12;0
2011-09-13;0
2011-09-14;0
2011-09-15;0,01
2011-09-16;0,01
2011-09-17;0,01
2011-09-18;0,01
2011-09-19;0,03
2011-09-20;0,3
2011-09-21;0,66
2011-09-22;1,07
2011-09-23;1,57
2011-09-24;1,86
2011-09-25;1,87
2011-09-26;2,42
2011-09-27;3,13
2011-09-28;3,73
2011-09-29;4,52
2011-09-30;5,44
2011-10-01;5,95
2011-10-02;5,96
2011-10-03;6,92
2011-10-04;8,13
2011-10-05;9,23
2011-10-06;10,35
2011-10-07;11,51
2011-10-08;12,18
2011-10-09;12,21
2011-10-10;13,55
2011-10-11;15,19
2011-10-12;16,59
2011-10-13;17,99
2011-10-14;19,35
2011-10-15;20,1
2011-10-16;20,13
2011-10-17;21,59
2011-10-18;23,27
2011-10-19;24,72
2011-10-20;26,2
2011-10-21;27,64
2011-10-22;28,45
2011-10-23;28,49
2011-10-24;29,84
2011-10-25;31,39
2011-10-26;32,62
2011-10-27;33,85
2011-10-28;34,96
2011-10-29;35,62
2011-10-30;35,64
2011-10-31;36,56
2011-11-01;36,62
2011-11-02;38,15
2011-11-03;39,5
2011-11-04;40,75
2011-11-05;41,4
2011-11-06;41,43
2011-11-07;42,64
2011-11-08;43,93
2011-11-09;44,99
2011-11-10;46,05
2011-11-11;46,1
2011-11-12;46,68
2011-11-13;46,72
2011-11-14;47,63
2011-11-15;48,63
2011-11-16;49,36
2011-11-17;50,02
2011-11-18;50,65
2011-11-19;50,94
2011-11-20;50,96
2011-11-21;51,45
2011-11-22;51,99
2011-11-23;52,4
2011-11-24;52,79
2011-11-25;53,16
2011-11-26;53,34
2011-11-27;53,34
2011-11-28;53,67
2011-11-29;54,02
2011-11-30;54,29
2011-12-01;54,55
2011-12-02;54,78
2011-12-03;54,9
2011-12-04;54,91
2011-12-05;55,13
2011-12-06;55,37
2011-12-07;55,56
2011-12-08;55,75
2011-12-09;55,92
2011-12-10;55,99
2011-12-11;56
2011-12-12;56,15
2011-12-13;56,31
2011-12-14;56,45
2011-12-15;56,57
2011-12-16;56,66
2011-12-17;56,71
2011-12-18;56,72
2011-12-19;56,8
2011-12-20;56,88
2011-12-21;56,95
2011-12-22;57,01
2011-12-23;57,06
2011-12-24;57,08
2011-12-25;57,09
2011-12-26;57,14
2011-12-27;57,19
2011-12-28;57,23
2011-12-29;57,28
2011-12-30;57,31
2011-12-31;57,33
2012-01-01;57,33
2012-01-02;57,36
2012-01-03;57,4
2012-01-04;57,44
2012-01-05;57,47
2012-01-06;57,5
2012-01-07;57,51
2012-01-08;57,52
2012-01-09;57,54
2012-01-10;57,57
2012-01-11;57,59
2012-01-12;57,61
2012-01-13;57,64
2012-01-14;57,65
2012-01-15;57,65
2012-01-16;57,67
2012-01-17;57,69
2012-01-18;57,71
2012-01-19;57,73
2012-01-20;57,74
2012-01-21;57,75
2012-01-22;57,75
2012-01-23;57,77
2012-01-24;57,78
2012-01-25;57,79
2012-01-26;57,8
2012-01-27;57,82
2012-01-28;57,82
2012-01-29;57,83
2012-01-30;57,84
2012-01-31;57,86
2012-02-01;57,87
2012-02-02;57,87
2012-02-03;57,87
2012-02-04;57,88
2012-02-05;57,88
2012-02-06;57,88
2012-02-07;57,88
2012-02-08;57,89
2012-02-09;57,89
2012-02-10;57,89
2012-02-11;57,89
2012-02-12;57,89
2012-02-13;57,89
2012-02-14;57,9
2012-02-15;57,9
2012-02-16;57,9
2012-02-17;57,9
2012-02-18;57,91
2012-02-19;57,91
2012-02-20;57,91
2012-02-21;57,91
2012-02-22;57,92
2012-02-23;57,92
2012-02-24;57,92
2012-02-25;57,93
2012-02-26;57,93
2012-02-27;57,93
2012-02-28;57,93
2012-02-29;57,93
2012-03-01;57,93
2012-03-02;57,94
2012-03-03;57,94
2012-03-04;57,94
2012-03-05;57,94
2012-03-06;57,94
2012-03-07;57,94
2012-03-08;57,94
2012-03-09;57,94
2012-03-10;57,94
2012-03-11;57,94
2012-03-12;57,95
2012-03-13;57,95
2012-03-14;57,95
2012-03-15;57,95
2012-03-16;57,95
2012-03-17;57,95
2012-03-18;57,95
2012-03-19;57,95
2012-03-20;57,95
2012-03-21;57,95
2012-03-22;57,95
2012-03-23;57,96
2012-03-24;57,96
2012-03-25;57,96
2012-03-26;57,96
2012-03-27;57,96
2012-03-28;57,96
2012-03-29;57,96
2012-03-30;57,96
2012-03-31;57,96
2012-04-01;57,96
2012-04-02;57,96
2012-04-03;57,96
2012-04-04;57,96
2012-04-05;57,96
2012-04-06;57,96
2012-04-07;57,96
2012-04-08;57,96
2012-04-09;57,96
2012-04-10;57,96
2012-04-11;57,96
2012-04-12;57,96
2012-04-13;57,96
2012-04-14;57,96
2012-04-15;57,96
2012-04-16;57,96
2012-04-17;57,96
2012-04-18;57,96
2012-04-19;57,96
2012-04-20;57,97
2012-04-21;57,97
2012-04-22;57,97
2012-04-23;57,97
2012-04-24;57,97
2012-04-25;57,97
2012-04-26;57,97
2012-04-27;57,97
2012-04-28;57,97
2012-04-29;57,97
2012-04-30;57,97
2012-05-01;57,97
2012-05-02;57,97
2012-05-03;57,97
2012-05-04;57,97
2012-05-05;57,97
2012-05-06;57,97
2012-05-07;57,97
2012-05-08;57,97
2012-05-09;57,97
2012-05-10;57,97
2012-05-11;57,97
2012-05-12;57,97
2012-05-13;57,97
2012-05-14;57,97
2012-05-15;57,97
2012-05-16;57,97
2012-05-17;57,97
2012-05-18;57,97
2012-05-19;57,97
2012-05-20;57,97
2012-05-21;57,97
2012-05-22;57,97
2012-05-23;57,97
2012-05-24;57,97
2012-05-25;57,98
2012-05-26;57,98
2012-05-27;57,98
2012-05-28;57,98
2012-05-29;57,98
2012-05-30;57,98
2012-05-31;57,98
2012-06-01;57,98
2012-06-02;57,98
2012-06-03;57,98
2012-06-04;57,98
2012-06-05;57,98
2012-06-06;57,98
2012-06-07;57,98
2012-06-08;57,98
2012-06-09;57,98
2012-06-10;57,98
2012-06-11;57,98
2012-06-12;57,98
2012-06-13;57,98
2012-06-14;57,98
2012-06-15;57,98
2012-06-16;57,98
2012-06-17;57,98
2012-06-18;57,98
2012-06-19;57,98
2012-06-20;57,98
2012-06-21;57,98
2012-06-22;57,98
2012-06-23;57,98
2012-06-24;57,98
2012-06-25;57,98
2012-06-26;57,98
2012-06-27;57,98
2012-06-28;57,98
2012-06-29;57,98
2012-06-30;57,98
2012-07-01;57,98
2012-07-02;57,98
2012-07-03;57,98
2012-07-04;57,98
2012-07-05;57,98
2012-07-06;57,98
2012-07-07;57,98
2012-07-08;57,98
2012-07-09;57,98
2012-07-10;57,98
2012-07-11;57,98
2012-07-12;57,98
2012-07-13;57,98
2012-07-14;57,98
2012-07-15;57,98
2012-07-16;57,98
2012-07-17;57,98
2012-07-18;57,98
2012-07-19;57,98
2012-07-20;57,98
2012-07-21;57,98
2012-07-22;57,98
2012-07-23;57,98
2012-07-24;57,98
2012-07-25;57,98
2012-07-26;57,98
2012-07-27;57,98
2012-07-28;57,98
2012-07-29;57,98
2012-07-30;57,98
2012-07-31;57,98
2012-08-01;57,98
2012-08-02;57,98
2012-08-03;57,98
2012-08-04;57,98
2012-08-05;57,98
2012-08-06;57,98
2012-08-07;57,98
2012-08-08;57,98
2012-08-09;57,98
2012-08-10;57,99
2012-08-11;57,99
2012-08-12;57,99
2012-08-13;57,99
2012-08-14;57,99
2012-08-15;57,99
2012-08-16;57,99
2012-08-17;57,99
2012-08-18;57,99
2012-08-19;57,99
2012-08-20;57,99
2012-08-21;57,99
2012-08-22;57,99
2012-08-23;57,99
2012-08-24;57,99
2012-08-25;57,99
2012-08-26;57,99
2012-08-27;57,99
2012-08-28;57,99
2012-08-29;57,99
2012-08-30;57,99
2012-09-04;0
2012-09-05;0
2012-09-06;0
2012-09-07;0
2012-09-08;0
2012-09-09;0
2012-09-10;0
2012-09-11;0
2012-09-12;0
2012-09-13;0
2012-09-14;0
2012-09-15;0
2012-09-16;0
2012-09-17;0
2012-09-18;0
2012-09-19;0
2012-09-20;0,01
2012-09-21;0,01
2012-09-22;0,03
2012-09-23;0,04
2012-09-24;0,2
2012-09-25;0,57
2012-09-26;1,07
2012-09-27;1,79
2012-09-28;2,9
2012-09-29;3,67
2012-09-30;3,71
2012-10-01;5,02
2012-10-02;6,6
2012-10-03;7,9
2012-10-04;9,16
2012-10-05;10,45
2012-10-06;11,31
2012-10-07;11,32
2012-10-08;12,77
2012-10-09;14,55
2012-10-10;16,04
2012-10-11;17,46
2012-10-12;18,9
2012-10-13;19,67
2012-10-14;19,68
2012-10-15;21,18
2012-10-16;22,99
2012-10-17;24,46
2012-10-18;25,85
2012-10-19;27,22
2012-10-20;27,96
2012-10-21;27,96
2012-10-22;29,3
2012-10-23;30,83
2012-10-24;32,09
2012-10-25;33,36
2012-10-26;34,56
2012-10-27;35,24
2012-10-28;35,24
2012-10-29;36,37
2012-10-30;37,58
2012-10-31;38,56
2012-11-01;38,56
2012-11-02;39,57
2012-11-03;40,14
2012-11-04;40,14
2012-11-05;41,22
2012-11-06;42,42
2012-11-07;43,37
2012-11-08;44,28
2012-11-09;45,14
2012-11-10;45,67
2012-11-11;45,67
2012-11-12;46,65
2012-11-13;47,7
2012-11-14;48,43
2012-11-15;49,1
2012-11-16;49,7
2012-11-17;50
2012-11-18;50,01
2012-11-19;50,52
2012-11-20;51,08
2012-11-21;51,52
2012-11-22;51,92
2012-11-23;52,28
2012-11-24;52,45
2012-11-25;52,45
2012-11-26;52,76
2012-11-27;53,12
2012-11-28;53,38
2012-11-29;53,61
2012-11-30;53,84
2012-12-01;53,96
2012-12-02;53,96
2012-12-03;54,15
2012-12-04;54,38
2012-12-05;54,54
2012-12-06;54,72
2012-12-07;54,85
2012-12-08;54,93
2012-12-09;54,93
2012-12-10;55,06
2012-12-11;55,21
2012-12-12;55,32
2012-12-13;55,42
2012-12-14;55,52
2012-12-15;55,57
2012-12-16;55,57
2012-12-17;55,66
2012-12-18;55,76
2012-12-19;55,83
2012-12-20;55,89
2012-12-21;55,94
2012-12-22;55,96
2012-12-23;55,96
2012-12-24;55,99
2012-12-25;55,99
2012-12-26;56,03
2012-12-27;56,1
2012-12-28;56,17
2012-12-29;56,21
2012-12-30;56,21
2012-12-31;56,24
2013-01-01;56,24
2013-01-02;56,28
2013-01-03;56,32
2013-01-04;56,35
2013-01-05;56,37
2013-01-06;56,37
2013-01-07;56,4
2013-01-08;56,44
2013-01-09;56,46
2013-01-10;56,48
2013-01-11;56,5
2013-01-12;56,51
2013-01-13;56,51
2013-01-14;56,54
2013-01-15;56,55
2013-01-16;56,57
2013-01-17;56,58
2013-01-18;56,6
2013-01-19;56,61
2013-01-20;56,61
2013-01-21;56,62
2013-01-22;56,64
2013-01-23;56,65
2013-01-24;56,66
2013-01-25;56,68
2013-01-26;56,68
2013-01-27;56,68
2013-01-28;56,69
2013-01-29;56,7
2013-01-30;56,71
2013-01-31;56,73
2013-02-01;56,73
2013-02-02;56,73
2013-02-03;56,73
2013-02-04;56,73
2013-02-05;56,74
2013-02-06;56,74
2013-02-07;56,75
2013-02-08;56,75
2013-02-09;56,75
2013-02-10;56,75
2013-02-11;56,75
2013-02-12;56,76
2013-02-13;56,76
2013-02-14;56,76
2013-02-15;56,76
2013-02-16;56,76
2013-02-17;56,77
2013-02-18;56,77
2013-02-19;56,77
2013-02-20;56,77
2013-02-21;56,77
2013-02-22;56,78
2013-02-23;56,78
2013-02-24;56,78
2013-02-25;56,78
2013-02-26;56,78
2013-02-27;56,78
2013-02-28;56,78
2013-03-01;56,78
2013-03-02;56,78
2013-03-03;56,78
2013-03-04;56,79
2013-03-05;56,79
2013-03-06;56,79
2013-03-07;56,79
2013-03-08;56,79
2013-03-09;56,79
2013-03-10;56,79
2013-03-11;56,79
2013-03-12;56,79
2013-03-13;56,79
2013-03-14;56,79
2013-03-15;56,8
2013-03-16;56,8
2013-03-17;56,8
2013-03-18;56,8
2013-03-19;56,8
2013-03-20;56,8
2013-03-21;56,8
2013-03-22;56,8
2013-03-23;56,8
2013-03-24;56,8
2013-03-25;56,8
2013-03-26;56,8
2013-03-27;56,81
2013-03-28;56,81
2013-03-29;56,81
2013-03-30;56,81
2013-03-31;56,81
2013-04-01;56,81
2013-04-02;56,81
2013-04-03;56,81
2013-04-04;56,81
2013-04-05;56,81
2013-04-06;56,81
2013-04-07;56,81
2013-04-08;56,81
2013-04-09;56,81
2013-04-10;56,81
2013-04-11;56,81
2013-04-12;56,81
2013-04-13;56,81
2013-04-14;56,81
2013-04-15;56,81
2013-04-16;56,82
2013-04-17;56,82
2013-04-18;56,82
2013-04-19;56,82
2013-04-20;56,82
2013-04-21;56,82
2013-04-22;56,82
2013-04-23;56,82
2013-04-24;56,82
2013-04-25;56,82
2013-04-26;56,82
2013-04-27;56,82
2013-04-28;56,82
2013-04-29;56,82
2013-04-30;56,82
2013-05-01;56,82
2013-05-02;56,82
2013-05-03;56,82
2013-05-04;56,82
2013-05-05;56,82
2013-05-06;56,82
2013-05-07;56,83
2013-05-08;56,83
2013-05-09;56,83
2013-05-10;56,83
2013-05-11;56,83
2013-05-12;56,83
2013-05-13;56,83
2013-05-14;56,83
2013-05-15;56,83
2013-05-16;56,83
2013-05-17;56,83
2013-05-18;56,83
2013-05-19;56,83
2013-05-20;56,83
2013-05-21;56,83
2013-05-22;56,83
2013-05-23;56,83
2013-05-24;56,83
2013-05-25;56,83
2013-05-26;56,83
2013-05-27;56,83
2013-05-28;56,83
2013-05-29;56,83
2013-05-30;56,83
2013-05-31;56,83
2013-06-01;56,83
2013-06-02;56,83
2013-06-03;56,83
2013-06-04;56,83
2013-06-05;56,83
2013-06-06;56,83
2013-06-07;56,83
2013-06-08;56,83
2013-06-09;56,83
2013-06-10;56,83
2013-06-11;56,83
2013-06-12;56,83
2013-06-13;56,83
2013-06-14;56,83
2013-06-15;56,83
2013-06-16;56,83
2013-06-17;56,84
2013-06-18;56,84
2013-06-19;56,84
2013-06-20;56,84
2013-06-21;56,84
2013-06-22;56,84
2013-06-23;56,84
2013-06-24;56,84
2013-06-25;56,84
2013-06-26;56,84
2013-06-27;56,84
2013-06-28;56,84
2013-06-29;56,84
2013-06-30;56,84
2013-07-01;56,84
2013-07-02;56,84
2013-07-03;56,84
2013-07-04;56,84
2013-07-05;56,84
2013-07-06;56,84
2013-07-07;56,84
2013-07-08;56,84
2013-07-09;56,84
2013-07-10;56,84
2013-07-11;56,84
2013-07-12;56,84
2013-07-13;56,84
2013-07-14;56,84
2013-07-15;56,84
2013-07-16;56,84
2013-07-17;56,84
2013-07-18;56,84
2013-07-19;56,84
2013-07-20;56,84
2013-07-21;56,84
2013-07-22;56,84
2013-07-23;56,84
2013-07-24;56,84
2013-07-25;56,84
2013-07-26;56,84
2013-07-27;56,84
2013-07-28;56,84
2013-07-29;56,84
2013-07-30;56,84
2013-07-31;56,84
2013-08-01;56,84
2013-08-02;56,84
2013-08-03;56,84
2013-08-04;56,84
2013-08-05;56,84
2013-08-06;56,84
2013-08-07;56,84
2013-08-08;56,84
2013-08-09;56,84
2013-08-10;56,84
2013-08-11;56,84
2013-08-12;56,84
2013-08-13;56,84
2013-08-14;56,84
2013-08-15;56,84
2013-08-16;56,84
2013-08-17;56,84
2013-08-18;56,84
2013-08-19;56,84
2013-08-20;56,84
2013-08-21;56,84
2013-08-22;56,85
2013-08-23;56,85
2013-08-24;56,85
2013-08-25;56,85
2013-08-26;56,85
2013-08-27;56,85
2013-08-28;56,85
2013-08-29;56,85
2013-08-30;56,85
2013-08-31;56,85
2013-09-03;0
2013-09-04;0
2013-09-05;0
2013-09-06;0
2013-09-07;0
2013-09-08;0
2013-09-09;0
2013-09-10;0
2013-09-11;0
2013-09-12;0
2013-09-13;0
2013-09-14;0
2013-09-15;0
2013-09-16;0
2013-09-17;0
2013-09-18;0
2013-09-19;0,01
2013-09-20;0,02
2013-09-21;0,02
2013-09-22;0,02
2013-09-23;0,06
2013-09-24;0,11
2013-09-25;0,18
2013-09-26;0,28
2013-09-27;0,43
2013-09-28;0,54
2013-09-29;0,54
2013-09-30;0,83
2013-10-01;1,3
2013-10-02;1,81
2013-10-03;2,2
2013-10-04;2,68
2013-10-05;3,04
2013-10-06;3,04
2013-10-07;3,81
2013-10-08;4,84
2013-10-09;6,08
2013-10-10;7,58
2013-10-11;9,06
2013-10-12;9,93
2013-10-13;9,93
2013-10-14;11,46
2013-10-15;13,16
2013-10-16;14,54
2013-10-17;15,91
2013-10-18;17,28
2013-10-19;18,08
2013-10-20;18,09
2013-10-21;19,54
2013-10-22;21,21
2013-10-23;22,64
2013-10-24;23,93
2013-10-25;25,22
2013-10-26;25,98
2013-10-27;25,98
2013-10-28;27,38
2013-10-29;28,96
2013-10-30;30,26
2013-10-31;31,44
2013-11-01;31,45
2013-11-02;32,29
2013-11-03;32,29
2013-11-04;33,86
2013-11-05;35,65
2013-11-06;37,14
2013-11-07;38,49
2013-11-08;39,67
2013-11-09;40,32
2013-11-10;40,32
2013-11-11;40,33
2013-11-12;41,8
2013-11-13;42,93
2013-11-14;43,93
2013-11-15;44,86
2013-11-16;45,34
2013-11-17;45,34
2013-11-18;46,13
2013-11-19;47,01
2013-11-20;47,68
2013-11-21;48,28
2013-11-22;48,82
2013-11-23;49,11
2013-11-24;49,12
2013-11-25;49,64
2013-11-26;50,18
2013-11-27;50,61
2013-11-28;50,99
2013-11-29;51,35
2013-11-30;51,51
2013-12-01;51,51
2013-12-02;51,82
2013-12-03;52,14
2013-12-04;52,38
2013-12-05;52,61
2013-12-06;52,82
2013-12-07;52,93
2013-12-08;52,93
2013-12-09;53,12
2013-12-10;53,31
2013-12-11;53,46
2013-12-12;53,61
2013-12-13;53,74
2013-12-14;53,81
2013-12-15;53,81
2013-12-16;53,93
2013-12-17;54,05
2013-12-18;54,16
2013-12-19;54,25
2013-12-20;54,33
2013-12-21;54,36
2013-12-22;54,36
2013-12-23;54,4
2013-12-24;54,43
2013-12-25;54,43
2013-12-26;54,45
2013-12-27;54,49
2013-12-28;54,52
2013-12-29;54,52
2013-12-30;54,55
2013-12-31;54,58
2014-01-01;54,58
2014-01-02;54,61
2014-01-03;54,64
2014-01-04;54,66
2014-01-05;54,66
2014-01-06;54,69
2014-01-07;54,72
2014-01-08;54,75
2014-01-09;54,77
2014-01-10;54,8
2014-01-11;54,81
2014-01-12;54,81
2014-01-13;54,83
2014-01-14;54,86
2014-01-15;54,88
2014-01-16;54,9
2014-01-17;54,92
2014-01-18;54,93
2014-01-19;54,93
2014-01-20;54,95
2014-01-21;54,97
2014-01-22;54,98
2014-01-23;54,99
2014-01-24;55,01
2014-01-25;55,01
2014-01-26;55,01
2014-01-27;55,03
2014-01-28;55,05
2014-01-29;55,06
2014-01-30;55,08
2014-01-31;55,1
2014-02-01;55,1
2014-02-02;55,1
2014-02-03;55,11
2014-02-04;55,11
2014-02-05;55,12
2014-02-06;55,12
2014-02-07;55,13
2014-02-08;55,13
2014-02-09;55,13
2014-02-10;55,14
2014-02-11;55,14
2014-02-12;55,14
2014-02-13;55,15
2014-02-14;55,15
2014-02-15;55,15
2014-02-16;55,15
2014-02-17;55,16
2014-02-18;55,16
2014-02-19;55,16
2014-02-20;55,17
2014-02-21;55,17
2014-02-22;55,17
2014-02-23;55,17
2014-02-24;55,17
2014-02-25;55,18
2014-02-26;55,18
2014-02-27;55,18
2014-02-28;55,18
2014-03-01;55,18
2014-03-02;55,18
2014-03-03;55,19
2014-03-04;55,19
2014-03-05;55,19
2014-03-06;55,19
2014-03-07;55,19
2014-03-08;55,19
2014-03-09;55,19
2014-03-10;55,19
2014-03-11;55,19
2014-03-12;55,2
2014-03-13;55,2
2014-03-14;55,2
2014-03-15;55,2
2014-03-16;55,2
2014-03-17;55,2
2014-03-18;55,2
2014-03-19;55,2
2014-03-20;55,2
2014-03-21;55,21
2014-03-22;55,21
2014-03-23;55,21
2014-03-24;55,21
2014-03-25;55,21
2014-03-26;55,21
2014-03-27;55,21
2014-03-28;55,22
2014-03-29;55,22
2014-03-30;55,22
2014-03-31;55,22
2014-04-01;55,22
2014-04-02;55,22
2014-04-03;55,22
2014-04-04;55,22
2014-04-05;55,22
2014-04-06;55,22
2014-04-07;55,22
2014-04-08;55,22
2014-04-09;55,22
2014-04-10;55,22
2014-04-11;55,23
2014-04-12;55,23
2014-04-13;55,23
2014-04-14;55,23
2014-04-15;55,23
2014-04-16;55,23
2014-04-17;55,23
2014-04-18;55,23
2014-04-19;55,23
2014-04-20;55,23
2014-04-21;55,23
2014-04-22;55,23
2014-04-23;55,23
2014-04-24;55,23
2014-04-25;55,23
2014-04-26;55,23
2014-04-27;55,23
2014-04-28;55,23
2014-04-29;55,23
2014-04-30;55,23
2014-05-01;55,23
2014-05-02;55,23
2014-05-03;55,23
2014-05-04;55,23
2014-05-05;55,23
2014-05-06;55,23
2014-05-07;55,23
2014-05-08;55,23
2014-05-09;55,23
2014-05-10;55,23
2014-05-11;55,23
2014-05-12;55,23
2014-05-13;55,24
2014-05-14;55,24
2014-05-15;55,24
2014-05-16;55,24
2014-05-17;55,24
2014-05-18;55,24
2014-05-19;55,24
2014-05-20;55,24
2014-05-21;55,24
2014-05-22;55,24
2014-05-23;55,24
2014-05-24;55,24
2014-05-25;55,24
2014-05-26;55,24
2014-05-27;55,24
2014-05-28;55,24
2014-05-29;55,24
2014-05-30;55,24
2014-05-31;55,24
2014-06-01;55,24
2014-06-02;55,24
2014-06-03;55,24
2014-06-04;55,24
2014-06-05;55,24
2014-06-06;55,24
2014-06-07;55,24
2014-06-08;55,24
2014-06-09;55,24
2014-06-10;55,24
2014-06-11;55,24
2014-06-12;55,24
2014-06-13;55,24
2014-06-14;55,24
2014-06-15;55,24
2014-06-16;55,24
2014-06-17;55,24
2014-06-18;55,24
2014-06-19;55,25
2014-06-20;55,25
2014-06-21;55,25
2014-06-22;55,25
2014-06-23;55,25
2014-06-24;55,25
2014-06-25;55,25
2014-06-26;55,25
2014-06-27;55,25
2014-06-28;55,25
2014-06-29;55,25
2014-06-30;55,25
2014-07-01;55,25
2014-07-02;55,25
2014-07-03;55,25
2014-07-04;55,25
2014-07-05;55,25
2014-07-06;55,25
2014-07-07;55,25
2014-07-08;55,25
2014-07-09;55,25
2014-07-10;55,25
2014-07-11;55,25
2014-07-12;55,25
2014-07-13;55,25
2014-07-14;55,25
2014-07-15;55,25
2014-07-16;55,25
2014-07-17;55,25
2014-07-18;55,25
2014-07-19;55,25
2014-07-20;55,25
2014-07-21;55,25
2014-07-22;55,25
2014-07-23;55,25
2014-07-24;55,25
2014-07-25;55,25
2014-07-26;55,25
2014-07-27;55,25
2014-07-28;55,25
2014-07-29;55,25
2014-07-30;55,25
2014-07-31;55,25
2014-08-01;55,25
2014-08-02;55,25
2014-08-03;55,25
2014-08-04;55,25
2014-08-05;55,25
2014-08-06;55,25
2014-08-07;55,25
2014-08-08;55,25
2014-08-09;55,25
2014-08-10;55,25
2014-08-11;55,25
2014-08-12;55,25
2014-08-13;55,25
2014-08-14;55,25
2014-08-15;55,25
2014-08-16;55,25
2014-08-17;55,25
2014-08-18;55,25
2014-08-19;55,25
2014-08-20;55,25
2014-08-21;55,25
2014-08-22;55,25
2014-08-23;55,25
2014-08-24;55,25
2014-08-25;55,25
2014-08-26;55,25
2014-08-27;55,25
2014-08-28;55,25
2014-08-29;55,25
2014-08-30;55,25
2014-09-01;0
2014-09-02;0
2014-09-03;0
2014-09-04;0
2014-09-05;0
2014-09-06;0
2014-09-07;0
2014-09-08;0
2014-09-09;0
2014-09-10;0
2014-09-11;0
2014-09-12;0
2014-09-13;0
2014-09-14;0
2014-09-15;0,01
2014-09-16;0,03
2014-09-17;0,05
2014-09-18;0,08
2014-09-19;0,11
2014-09-20;0,12
2014-09-21;0,12
2014-09-22;0,16
2014-09-23;0,21
2014-09-24;0,26
2014-09-25;0,32
2014-09-26;0,38
2014-09-27;0,42
2014-09-28;0,42
2014-09-29;0,49
2014-09-30;0,49
2014-10-01;0,61
2014-10-02;0,72
2014-10-03;0,84
2014-10-04;0,92
2014-10-05;0,92
2014-10-06;1,11
2014-10-07;1,36
2014-10-08;1,62
2014-10-09;1,94
2014-10-10;4,66
2014-10-11;5,67
2014-10-12;5,69
2014-10-13;7,36
2014-10-14;9,46
2014-10-15;11,23
2014-10-16;13,23
2014-10-17;15,06
2014-10-18;15,97
2014-10-19;15,98
2014-10-20;17,68
2014-10-21;19,76
2014-10-22;21,47
2014-10-23;23
2014-10-24;24,52
2014-10-25;25,34
2014-10-26;25,35
2014-10-27;26,79
2014-10-28;28,42
2014-10-29;29,75
2014-10-30;31,04
2014-10-31;32,31
2014-11-01;32,32
2014-11-02;32,33
2014-11-03;34,02
2014-11-04;35,79
2014-11-05;37,25
2014-11-06;38,59
2014-11-07;39,8
2014-11-08;40,42
2014-11-09;40,42
2014-11-10;41,4
2014-11-11;41,41
2014-11-12;42,73
2014-11-13;43,81
2014-11-14;44,75
2014-11-15;45,21
2014-11-16;45,21
2014-11-17;46,02
2014-11-18;46,86
2014-11-19;47,54
2014-11-20;48,1
2014-11-21;48,61
2014-11-22;48,85
2014-11-23;48,85
2014-11-24;49,3
2014-11-25;49,8
2014-11-26;50,18
2014-11-27;50,55
2014-11-28;50,89
2014-11-29;51,07
2014-11-30;51,07
2014-12-01;51,37
2014-12-02;51,7
2014-12-03;51,97
2014-12-04;52,22
2014-12-05;52,44
2014-12-06;52,56
2014-12-07;52,56
2014-12-08;52,75
2014-12-09;52,96
2014-12-10;53,12
2014-12-11;53,27
2014-12-12;53,42
2014-12-13;53,5
2014-12-14;53,5
2014-12-15;53,64
2014-12-16;53,78
2014-12-17;53,88
2014-12-18;53,98
2014-12-19;54,09
2014-12-20;54,15
2014-12-21;54,15
2014-12-22;54,22
2014-12-23;54,28
2014-12-24;54,32
2014-12-25;54,32
2014-12-26;54,36
2014-12-27;54,38
2014-12-28;54,38
2014-12-29;54,44
2014-12-30;54,48
2014-12-31;54,51
2015-01-01;54,51
2015-01-02;54,54
2015-01-03;54,56
2015-01-04;54,56
2015-01-05;54,6
2015-01-06;54,65
2015-01-07;54,69
2015-01-08;54,72
2015-01-09;54,75
2015-01-10;54,77
2015-01-11;54,77
2015-01-12;54,79
2015-01-13;54,81
2015-01-14;54,84
2015-01-15;54,86
2015-01-16;54,89
2015-01-17;54,9
2015-01-18;54,9
2015-01-19;54,91
2015-01-20;54,93
2015-01-21;54,95
2015-01-22;54,97
2015-01-23;54,99
2015-01-24;55
2015-01-25;55
2015-01-26;55,01
2015-01-27;55,03
2015-01-28;55,05
2015-01-29;55,07
2015-01-30;55,1
2015-01-31;55,11
2015-02-01;55,11
2015-02-02;55,11
2015-02-03;55,12
2015-02-04;55,13
2015-02-05;55,14
2015-02-06;55,15
2015-02-07;55,15
2015-02-08;55,15
2015-02-09;55,15
2015-02-10;55,16
2015-02-11;55,16
2015-02-12;55,16
2015-02-13;55,17
2015-02-14;55,17
2015-02-15;55,17
2015-02-16;55,17
2015-02-17;55,17
2015-02-18;55,18
2015-02-19;55,18
2015-02-20;55,18
2015-02-21;55,18
2015-02-22;55,18
2015-02-23;55,19
2015-02-24;55,19
2015-02-25;55,19
2015-02-26;55,19
2015-02-27;55,2
2015-02-28;55,2
2015-03-01;55,2
2015-03-02;55,2
2015-03-03;55,2
2015-03-04;55,2
2015-03-05;55,2
2015-03-06;55,2
2015-03-07;55,2
2015-03-08;55,2
2015-03-09;55,21
2015-03-10;55,21
2015-03-11;55,21
2015-03-12;55,21
2015-03-13;55,21
2015-03-14;55,21
2015-03-15;55,21
2015-03-16;55,21
2015-03-17;55,22
2015-03-18;55,22
2015-03-19;55,22
2015-03-20;55,22
2015-03-21;55,22
2015-03-22;55,22
2015-03-23;55,22
2015-03-24;55,23
2015-03-25;55,23
2015-03-26;55,23
2015-03-27;55,23
2015-03-28;55,23
2015-03-29;55,23
2015-03-30;55,23
2015-03-31;55,23
2015-04-01;55,23
2015-04-02;55,24
2015-04-03;55,24
2015-04-04;55,24
2015-04-05;55,24
2015-04-06;55,24
2015-04-07;55,24
2015-04-08;55,24
2015-04-09;55,24
2015-04-10;55,24
2015-04-11;55,24
2015-04-12;55,24
2015-04-13;55,24
2015-04-14;55,24
2015-04-15;55,24
2015-04-16;55,24
2015-04-17;55,24
2015-04-18;55,24
2015-04-19;55,24
2015-04-20;55,24
2015-04-21;55,24
2015-04-22;55,24
2015-04-23;55,24
2015-04-24;55,24
2015-04-25;55,24
2015-04-26;55,24
2015-04-27;55,24
2015-04-28;55,24
2015-04-29;55,24
2015-04-30;55,24
2015-05-01;55,24
2015-05-02;55,24
2015-05-03;55,24
2015-05-04;55,25
2015-05-05;55,25
2015-05-06;55,25
2015-05-07;55,25
2015-05-08;55,25
2015-05-09;55,25
2015-05-10;55,25
2015-05-11;55,25
2015-05-12;55,25
2015-05-13;55,25
2015-05-14;55,25
2015-05-15;55,25
2015-05-16;55,25
2015-05-17;55,25
2015-05-18;55,25
2015-05-19;55,25
2015-05-20;55,25
2015-05-21;55,25
2015-05-22;55,25
2015-05-23;55,25
2015-05-24;55,25
2015-05-25;55,25
2015-05-26;55,25
2015-05-27;55,25
2015-05-28;55,25
2015-05-29;55,25
2015-05-30;55,25
2015-05-31;55,25
2015-06-01;55,25
2015-06-02;55,25
2015-06-03;55,25
2015-06-04;55,25
2015-06-05;55,25
2015-06-06;55,25
2015-06-07;55,25
2015-06-08;55,25
2015-06-09;55,25
2015-06-10;55,25
2015-06-11;55,25
2015-06-12;55,25
2015-06-13;55,25
2015-06-14;55,25
2015-06-15;55,25
2015-06-16;55,26
2015-06-17;55,26
2015-06-18;55,26
2015-06-19;55,26
2015-06-20;55,26
2015-06-21;55,26
2015-06-22;55,26
2015-06-23;55,26
2015-06-24;55,26
2015-06-25;55,26
2015-06-26;55,26
2015-06-27;55,26
2015-06-28;55,26
2015-06-29;55,26
2015-06-30;55,26
2015-07-01;55,26
2015-07-02;55,26
2015-07-03;55,26
2015-07-04;55,26
2015-07-05;55,26
2015-07-06;55,26
2015-07-07;55,26
2015-07-08;55,26
2015-07-09;55,26
2015-07-10;55,26
2015-07-11;55,26
2015-07-12;55,26
2015-07-13;55,26
2015-07-14;55,26
2015-07-15;55,26
2015-07-16;55,26
2015-07-17;55,26
2015-07-18;55,26
2015-07-19;55,26
2015-07-20;55,26
2015-07-21;55,26
2015-07-22;55,26
2015-07-23;55,26
2015-07-24;55,26
2015-07-25;55,26
2015-07-26;55,26
2015-07-27;55,26
2015-07-28;55,26
2015-07-29;55,26
2015-07-30;55,26
2015-07-31;55,26
2015-08-01;55,26
2015-08-02;55,26
2015-08-03;55,26
2015-08-04;55,26
2015-08-05;55,26
2015-08-06;55,26
2015-08-07;55,26
2015-08-08;55,26
2015-08-09;55,26
2015-08-10;55,26
2015-08-11;55,26
2015-08-12;55,26
2015-08-13;55,27
2015-08-14;55,27
2015-08-15;55,27
2015-08-16;55,27
2015-08-17;55,27
2015-08-18;55,27
2015-08-19;55,27
2015-08-20;55,27
2015-08-21;55,27
2015-08-22;55,27
2015-08-23;55,27
2015-08-24;55,27
2015-08-25;55,27
2015-08-26;55,27
2015-08-27;55,27
2015-08-28;55,27
2015-08-29;55,27
2015-08-30;55,27
2015-08-31;55,27
2015-09-01;0
2015-09-02;0
2015-09-03;0
2015-09-04;0
2015-09-05;0
2015-09-06;0
2015-09-07;0
2015-09-08;0
2015-09-09;0
2015-09-10;0
2015-09-11;0
2015-09-12;0
2015-09-13;0
2015-09-14;0
2015-09-15;0
2015-09-16;0
2015-09-17;0,01
2015-09-18;0,01
2015-09-19;0,02
2015-09-20;0,02
2015-09-21;0,03
2015-09-22;0,05
2015-09-23;0,08
2015-09-24;0,1
2015-09-25;0,14
2015-09-26;0,16
2015-09-27;0,16
2015-09-28;0,21
2015-09-29;0,28
2015-09-30;0,33
2015-10-01;0,41
2015-10-02;0,49
2015-10-03;0,54
2015-10-04;0,54
2015-10-05;0,64
2015-10-06;0,79
2015-10-07;0,98
2015-10-08;1,15
2015-10-09;1,33
2015-10-10;1,47
2015-10-11;1,47
2015-10-12;4,44
2015-10-13;7,36
2015-10-14;9,42
2015-10-15;11,3
2015-10-16;13,28
2015-10-17;14,36
2015-10-18;14,36
2015-10-19;16,15
2015-10-20;18,11
2015-10-21;19,79
2015-10-22;21,37
2015-10-23;22,87
2015-10-24;23,68
2015-10-25;23,69
2015-10-26;25,25
2015-10-27;26,93
2015-10-28;28,36
2015-10-29;29,72
2015-10-30;30,91
2015-10-31;31,57
2015-11-01;31,57
2015-11-02;32,91
2015-11-03;34,48
2015-11-04;35,76
2015-11-05;36,94
2015-11-06;38,03
2015-11-07;38,59
2015-11-08;38,59
2015-11-09;39,61
2015-11-10;40,69
2015-11-11;40,7
2015-11-12;41,73
2015-11-13;42,46
2015-11-14;42,8
2015-11-15;42,81
2015-11-16;43,51
2015-11-17;44,29
2015-11-18;44,91
2015-11-19;45,47
2015-11-20;45,96
2015-11-21;46,23
2015-11-22;46,23
2015-11-23;46,74
2015-11-24;47,27
2015-11-25;47,67
2015-11-26;48,06
2015-11-27;48,38
2015-11-28;48,54
2015-11-29;48,54
2015-11-30;48,84
2015-12-01;49,16
2015-12-02;49,4
2015-12-03;49,63
2015-12-04;49,83
2015-12-05;49,93
2015-12-06;49,94
2015-12-07;50,12
2015-12-08;50,33
2015-12-09;50,5
2015-12-10;50,66
2015-12-11;50,81
2015-12-12;50,87
2015-12-13;50,88
2015-12-14;51,02
2015-12-15;51,16
2015-12-16;51,29
2015-12-17;51,4
2015-12-18;51,5
2015-12-19;51,55
2015-12-20;51,55
2015-12-21;51,63
2015-12-22;51,69
2015-12-23;51,75
2015-12-24;51,78
2015-12-25;51,78
2015-12-26;51,8
2015-12-27;51,8
2015-12-28;51,84
2015-12-29;51,89
2015-12-30;51,93
2015-12-31;51,96
2016-01-01;51,96
2016-01-02;51,97
2016-01-03;51,97
2016-01-04;52,01
2016-01-05;52,05
2016-01-06;52,09
2016-01-07;52,12
2016-01-08;52,15
2016-01-09;52,17
2016-01-10;52,17
2016-01-11;52,19
2016-01-12;52,23
2016-01-13;52,26
2016-01-14;52,28
2016-01-15;52,31
2016-01-16;52,31
2016-01-17;52,32
2016-01-18;52,34
2016-01-19;52,36
2016-01-20;52,38
2016-01-21;52,4
2016-01-22;52,42
2016-01-23;52,44
2016-01-24;52,44
2016-01-25;52,45
2016-01-26;52,46
2016-01-27;52,48
2016-01-28;52,5
2016-01-29;52,52
2016-01-30;52,53
2016-01-31;52,54
2016-02-01;52,55
2016-02-02;52,56
2016-02-03;52,57
2016-02-04;52,57
2016-02-05;52,58
2016-02-06;52,58
2016-02-07;52,58
2016-02-08;52,59
2016-02-09;52,59
2016-02-10;52,6
2016-02-11;52,6
2016-02-12;52,61
2016-02-13;52,61
2016-02-14;52,61
2016-02-15;52,62
2016-02-16;52,62
2016-02-17;52,62
2016-02-18;52,63
2016-02-19;52,63
2016-02-20;52,63
2016-02-21;52,63
2016-02-22;52,63
2016-02-23;52,64
2016-02-24;52,64
2016-02-25;52,64
2016-02-26;52,65
2016-02-27;52,65
2016-02-28;52,65
2016-02-29;52,65
2016-03-01;52,65
2016-03-02;52,65
2016-03-03;52,66
2016-03-04;52,66
2016-03-05;52,66
2016-03-06;52,66
2016-03-07;52,66
2016-03-08;52,66
2016-03-09;52,66
2016-03-10;52,67
2016-03-11;52,67
2016-03-12;52,67
2016-03-13;52,67
2016-03-14;52,67
2016-03-15;52,67
2016-03-16;52,67
2016-03-17;52,67
2016-03-18;52,67
2016-03-19;52,68
2016-03-20;52,68
2016-03-21;52,68
2016-03-22;52,68
2016-03-23;52,68
2016-03-24;52,68
2016-03-25;52,68
2016-03-26;52,68
2016-03-27;52,68
2016-03-28;52,68
2016-03-29;52,68
2016-03-30;52,68
2016-03-31;52,69
2016-04-01;52,69
2016-04-02;52,69
2016-04-03;52,69
2016-04-04;52,69
2016-04-05;52,69
2016-04-06;52,69
2016-04-07;52,69
2016-04-08;52,69
2016-04-09;52,69
2016-04-10;52,69
2016-04-11;52,69
2016-04-12;52,69
2016-04-13;52,69
2016-04-14;52,69
2016-04-15;52,69
2016-04-16;52,69
2016-04-17;52,69
2016-04-18;52,69
2016-04-19;52,69
2016-04-20;52,69
2016-04-21;52,69
2016-04-22;52,69
2016-04-23;52,69
2016-04-24;52,69
2016-04-25;52,69
2016-04-26;52,69
2016-04-27;52,69
2016-04-28;52,69
2016-04-29;52,7
2016-04-30;52,7
2016-05-01;52,7
2016-05-02;52,7
2016-05-03;52,7
2016-05-04;52,7
2016-05-05;52,7
2016-05-06;52,7
2016-05-07;52,7
2016-05-08;52,7
2016-05-09;52,7
2016-05-10;52,7
2016-05-11;52,7
2016-05-12;52,7
