"PERIODE";"Senti";"Sais_2014_2015";"Sais_2013_2014";"Sais_2012_2013";"Sais_2011_2012";"Sais_2010_2011";"Sais_2009_2010";"Sais_2008_2009";"Loc_Reg11";"Loc_Reg21";"Loc_Reg22";"Loc_Reg23";"Loc_Reg24";"Loc_Reg25";"Loc_Reg26";"Loc_Reg31";"Loc_Reg41";"Loc_Reg42";"Loc_Reg43";"Loc_Reg52";"Loc_Reg53";"Loc_Reg54";"Loc_Reg72";"Loc_Reg73";"Loc_Reg74";"Loc_Reg82";"Loc_Reg83";"Loc_Reg91";"Loc_Reg93";"Loc_Reg94";"MIN_Saison";"MAX_Saison";"IN_Def";"IN_Temp"
"01-09-2015";NA;407;316;243;218;192;147;NA;368,02;394,085;274,07;338,685;482,81;354,07;466,79;320,42;450,425;342,945;401,805;421,42;408,505;387,29;284,77;379,12;305,95;335,56;298,05;384,53;402,41;NA;147;407;375,4;NA
"02-09-2015";NA;397;319;249;222;192;148;NA;354,54;373,975;269,62;334,22;477,7;343,005;421,83;323,34;432,275;313,215;390,115;441,175;399,705;387,305;285,36;377,43;319,42;326,765;297,88;394,775;394,62;NA;148;397;370,1;NA
"03-09-2015";NA;389;325;258;223;189;149;NA;352,22;341,675;269,95;323,785;467,01;324,705;392,64;330,57;420,72;325,88;400,415;455,04;394,765;387,965;284,71;372,73;331,95;323,04;307,4;393,88;383,8;NA;149;389;366,1;NA
"04-09-2015";NA;385;331;264;225;190;151;NA;354,3;314,6;274,33;316,795;461,91;316,36;373,73;334,155;402,23;363,525;402,415;466,01;388,59;390,375;281,9;355,93;337,4;315,685;316,65;389,975;380,55;NA;151;385;363,2;NA
"05-09-2015";NA;386;334;272;228;189;153;NA;348,13;303,975;270,04;308,115;454,11;312,37;371,52;345,105;404,595;428,72;409,535;472,665;390,03;381,075;285,81;348,84;351,37;313,07;328,16;390,49;380,54;NA;153;386;363,3;NA
"06-09-2015";NA;394;336;279;230;190;155;NA;346,68;307,495;267,2;301,705;445,87;323,135;391,46;352,775;413,115;504,535;431,385;467,335;395,07;366,61;293,7;346,42;367,24;310,795;331,16;385,37;381,2;NA;155;394;362,9;NA
"07-09-2015";NA;400;338;282;232;191;155;NA;343,49;312,46;263,86;302,265;438,7;343,4;401,43;362,66;426,175;483,125;454,23;466,57;399,965;347,665;302,21;344,83;379,95;312,765;339,94;375,7;377,09;NA;155;400;362,6;NA
"08-09-2015";NA;406;339;284;236;193;155;NA;346,94;319,6;269,99;299,8;441,29;353,485;430,92;372,155;439,08;474,295;473,6;450,535;398,99;333,735;308,35;340,17;386,11;308,175;344,73;364,09;360,7;NA;155;406;361,6;NA
"09-09-2015";NA;408;338;286;239;195;152;NA;352,63;331,255;271,81;294,51;446,07;361,755;469,43;392,375;448,375;469,3;480,555;439,165;401,085;330,125;319,03;337,46;388,83;309,605;354,35;351,755;355,83;NA;152;408;363,7;NA
"10-09-2015";NA;409;336;286;242;196;150;NA;352,46;330,875;274,92;284,64;448,33;381,405;500,88;408,695;468,01;464,18;488,7;428,5;397,755;329,205;328,08;333,97;383,29;316,66;361,1;339,365;360,93;NA;150;409;367,4;NA
"11-09-2015";NA;406;336;286;243;201;148;NA;351,66;333,03;277,93;268,935;446,45;401,685;517,76;418,23;498,185;472,68;501,375;417,445;397,685;334,49;337,19;340,17;371,71;327,47;371,55;331,295;375,47;NA;148;406;371;NA
"12-09-2015";NA;407;338;287;245;205;148;NA;343,25;329,815;283,07;261,255;446,22;421,33;520,7;427,755;515,925;480,125;505,385;414,16;396,52;337,05;346,71;347,16;352,04;338,315;385,51;327,93;387,63;NA;148;407;373,1;NA
"13-09-2015";NA;408;341;288;244;208;148;NA;336,63;335,5;281,46;262,555;447,33;430,94;507,24;433,615;525,185;495,455;523,995;410,9;399,605;338,93;348,27;346,24;327,14;356,3;402,79;332,69;399,93;NA;148;408;374,4;NA
"14-09-2015";NA;406;342;292;241;211;144;NA;325,49;331,75;278,36;276,28;451,16;444,865;491,12;436,585;518,985;506,14;548,72;409,19;404,58;338,395;343,69;348,79;309,07;362,86;414,54;334,38;412,6;NA;144;406;375,4;NA
"15-09-2015";NA;405;348;299;237;212;143;NA;319,15;325,915;282,84;282,125;463,2;445,03;470,75;425,66;513,04;521,76;577,185;412,115;396,495;334,085;344,4;354,03;292,79;371,515;424,22;344,27;428,58;NA;143;405;376,6;NA
"16-09-2015";NA;405;351;306;236;213;144;NA;316,61;340,745;282,08;292,16;472,61;439,62;452,9;413,64;508,915;529,3;614,715;420,985;395,52;336,025;340,15;353,47;292,55;379,655;433,5;353,175;432,58;NA;144;405;379,7;NA
"17-09-2015";NA;407;355;310;238;212;147;NA;318,38;362,425;289,56;304,03;489,32;439,09;452,56;403,235;490,32;528,135;631,05;428,83;401,49;340,275;332,96;355,06;303,02;375,945;448,62;373,295;434,34;NA;147;407;385,7;NA
"18-09-2015";NA;409;361;314;240;211;148;NA;322,81;377,46;296,12;320,505;510,81;441,94;465,02;399,24;491,33;524,165;637,685;438,08;414,415;346,86;329,82;349,69;322,17;376,75;473,42;394,045;441,3;NA;148;409;393,4;NA
"19-09-2015";NA;409;368;318;240;210;149;NA;328,52;398,315;302,56;336,81;530,13;453,555;492,17;401,485;501,69;530,38;622,95;438,605;423,075;352,43;330,53;362,76;346,77;380,04;497,1;401,125;442,72;NA;149;409;400,6;NA
"20-09-2015";NA;405;377;320;239;210;149;NA;334,65;412,565;307,35;352,48;550,17;459,21;542,02;397,685;519,94;531,415;640,45;445,06;428,235;351,79;331,58;372,51;369,68;375,61;497,89;414,775;451,73;NA;149;405;405,6;NA
"21-09-2015";NA;403;384;320;240;208;147;NA;340,44;423,575;307,59;366,565;569,32;472,165;577,72;404,35;538,075;558,215;709,85;440,045;429,9;351,74;333,9;374,03;389,22;368,775;501,89;413,775;450,07;NA;147;403;408,6;NA
"22-09-2015";NA;399;394;319;244;206;144;NA;350,94;420,295;307,31;377,645;564,48;467,715;609,61;415,605;552,245;580,38;727,935;441,295;439,03;352,3;334,52;380,11;400,41;356,22;499,32;423,315;454,56;NA;144;399;411,6;NA
"23-09-2015";NA;393;401;319;248;203;141;NA;362,51;414,035;312,02;390,505;555,9;469,27;632,96;419,61;587,375;596,38;731,935;438,65;447,51;351,665;336,68;377,76;402,73;353,085;485,62;433,8;465,05;NA;141;401;413,2;NA
"24-09-2015";NA;392;405;314;251;202;140;NA;362,48;411,06;309,97;396,47;561,77;478,36;642,73;426,78;629,885;615,615;706,345;442,39;438,38;352,035;344,83;370,06;393,68;361,15;469,26;440,61;479,25;NA;140;405;415,2;NA
"25-09-2015";NA;395;409;307;254;198;138;NA;359,95;402,845;312,38;397,33;567,77;482,215;632,07;431,69;645,405;587,515;692,64;436,225;435,66;347,185;352,97;364,42;390,18;368,61;451,56;435,825;486,74;NA;138;409;417,9;NA
"26-09-2015";NA;406;412;299;257;193;136;NA;363,48;402,015;312,58;391,28;564,04;473,675;621,13;440,38;638,48;549,94;646,31;426,535;438,965;354,105;365,42;360,45;379,47;374,475;430,84;434,815;498,51;NA;136;412;421;NA
"27-09-2015";NA;417;416;294;255;189;133;NA;363,62;404,94;305,6;371,37;560,99;459,445;600,5;448,595;629,475;531,255;601,405;427,33;441,885;362,58;382,32;363,04;372,06;379,825;424,98;430;497,19;NA;133;417;422,1;NA
"28-09-2015";NA;427;418;290;255;185;130;NA;358,86;401,245;301,35;357,785;558,33;439,61;545,72;458,135;627,51;530,73;547,99;435,93;436,955;373,82;387,91;376,97;373,75;383,24;440,02;422,305;490,95;NA;130;427;423,9;NA
"29-09-2015";NA;435;422;288;255;183;127;NA;357,78;384,305;298,84;346,295;548,46;445,45;502,15;457,61;615,63;545,035;533,12;451,465;437,455;379,275;392,46;393,07;381,12;385,14;443,53;409,44;488,55;NA;127;435;427,1;NA
"30-09-2015";NA;439;426;290;255;183;125;NA;356,56;364,645;298,42;341,355;525,8;447,375;460,21;455,17;606,195;584,56;516,64;464,43;454,365;392,14;391,91;417,12;395,05;382,425;459,77;404,03;463,92;NA;125;439;429,6;NA
"01-10-2015";NA;442;432;295;253;184;124;NA;355,7;376,135;293,87;346,235;509,28;452,785;421,04;453,05;581,97;609,375;517,53;476,285;464,94;405,37;407,25;426,67;406;384,985;487,14;395,955;445,04;NA;124;442;427,8;NA
"02-10-2015";NA;444;436;304;249;185;124;NA;350,06;384,955;295,45;349,37;499,39;456,995;406,1;448,7;560,76;641,275;519,075;486,465;473,8;419,77;426,35;440,07;417,11;382,8;514,61;383,25;441,62;NA;124;444;431,4;NA
"03-10-2015";NA;445;440;312;243;190;126;NA;348,48;400,68;300,44;337,475;486,67;458,675;409,2;446,185;543,195;648,435;527,025;497,385;489,795;424,08;444,14;456,89;419,78;384,655;534,55;367,425;445,82;NA;126;445;435,4;NA
"04-10-2015";NA;444;443;317;238;193;127;NA;346,35;407,97;298,31;343,84;475,74;463,085;417,81;446,73;534,3;644,43;541,625;515,145;500,455;408,82;454;470,81;424,15;386,37;545;354,39;453,86;NA;127;444;436,7;NA
"05-10-2015";NA;443;442;323;235;197;130;NA;341,53;410,19;302,92;349,03;485,66;457;435,01;442,865;528,08;632,09;560,045;524,93;519,295;387,655;461,29;471,78;427,41;380,725;547,19;343,97;459,86;NA;130;443;436,6;NA
"06-10-2015";NA;441;436;331;233;202;133;NA;339,52;411,195;305,22;356,765;503,11;459,47;442,5;440,855;512,015;619,98;579,155;537,315;522,455;381,545;462,84;463,86;423,82;381,495;534,45;335,795;463,82;NA;133;441;434;NA
"07-10-2015";NA;443;428;338;231;205;136;NA;339,79;417,315;305,32;361,55;510,15;458,505;455,19;436,015;506,305;604,165;589,725;545,775;527,235;377,6;461,94;455,85;404,89;381,59;508;341,435;467,49;NA;136;443;431,4;NA
"08-10-2015";NA;446;420;341;232;208;137;NA;338,54;412,51;304,2;369,695;517,8;431,53;474,76;420,56;512,105;559,115;596,645;551,95;527,325;381,81;461,04;455,32;392,7;378,93;480,37;347,46;472,68;NA;137;446;431;NA
"09-10-2015";NA;447;415;343;232;211;139;NA;336,08;401,76;293,31;376,385;524,61;387,13;483,57;403,75;504,495;515,965;581,405;538,23;525,46;403,01;451,79;448,67;373,68;383,15;455,46;349,785;472,9;NA;139;447;427,1;NA
"10-10-2015";NA;447;415;346;232;213;140;NA;332,61;391,085;284,39;364,23;527,89;354,925;494,53;385,035;506,095;507,6;562,885;511,23;517,515;413,865;438,14;426,47;367,11;386,04;437,69;351,07;469,52;NA;140;447;419,9;NA
"11-10-2015";NA;446;420;351;234;214;144;NA;330,91;387,715;275,84;353,765;533,14;339,4;502,98;369,855;499,465;499,71;547,545;487,04;508,695;421,765;425,51;408,51;363,24;387,11;417,66;345,935;466,89;NA;144;446;410,8;NA
"12-10-2015";NA;445;427;355;236;214;146;NA;325,05;379,965;274,05;349,33;538,86;330,28;514,11;360,21;492,91;501,115;523,33;460,46;499,97;427,065;404,61;397,59;356,54;382,215;406,05;333,735;458,92;NA;146;445;400,4;NA
"13-10-2015";NA;443;435;360;237;213;147;NA;323,66;370,14;274,09;345,905;536,32;330,385;533,4;360,57;491,565;511,815;501,64;433,385;490,61;424,185;394,1;390,21;357,48;378,17;395,4;331,46;439,69;NA;147;443;394,1;NA
"14-10-2015";NA;444;442;363;240;213;148;NA;321,97;354,93;274,18;350,13;532,09;330,41;553,83;367,005;476,88;524,105;468,675;434,23;479,92;417,81;387,48;384,71;357,72;380,4;388,72;326,23;423,46;NA;148;444;390,7;NA
"15-10-2015";NA;445;446;363;243;215;153;NA;326,26;337,55;278,84;357,17;521,24;339,275;566,84;381,135;474,58;521,555;437,99;429,57;466,935;425,905;393,77;389,39;360,5;386,125;385,87;327,805;408,24;NA;153;446;393,1;NA
"16-10-2015";NA;450;452;361;245;217;157;NA;332,77;327,38;281,7;367,805;513,96;347,625;577,32;393,615;461,45;524,925;429,22;426,565;465,09;442,995;401,56;401,45;364,65;396,155;382,51;335,765;423,65;NA;157;452;398,7;NA
"17-10-2015";NA;455;455;361;246;219;160;NA;343,06;321,405;289,08;383,615;510,82;355,37;577,29;405,41;450,765;494,905;433,2;437,95;468,55;459,32;406,93;415,73;369,17;411,01;386,91;357,01;441,76;NA;160;455;408,7;NA
"18-10-2015";NA;458;454;362;249;221;164;NA;358,83;319,195;309,76;391,955;508,32;361,72;566,96;410,94;443,7;462,35;438,105;446,335;471,11;468,425;413,3;433,04;376,04;416,72;388,69;375,475;466,63;NA;164;458;418,3;NA
"19-10-2015";NA;459;451;368;254;220;167;NA;365,21;314,755;316,47;385,49;509,27;360,755;562,95;415,425;441,395;433,745;442,55;459,77;476,74;475,145;426,65;442,63;380,62;423,375;390,13;397,97;483,3;NA;167;459;425;NA
"20-10-2015";NA;459;445;377;257;218;170;NA;365,91;308,3;314,26;376,24;515,3;361,695;552,94;415,9;447,945;423,13;454,83;479,6;482,78;480,63;431,02;456,1;384,33;421,595;385,62;416,55;507,4;NA;170;459;428,1;NA
"21-10-2015";NA;461;440;381;262;217;169;NA;373,06;308,705;309,55;367,855;523,7;364,78;537,51;416,405;453,585;418,825;467,195;493,565;496,845;478,685;435,92;462,78;386,2;418,89;395,08;420,585;533,92;NA;169;461;430,1;NA
"22-10-2015";NA;467;436;380;268;217;170;NA;380,07;310,045;311,68;352,625;534,11;369,31;532,74;416;474,04;436,795;480,205;508,905;511,81;477,655;434,37;463,96;389,37;410,37;400,54;424,265;566,26;NA;170;467;433,8;NA
"23-10-2015";NA;471;434;377;271;217;170;NA;383,82;320,775;313,39;329,25;551,56;377,68;512,88;419,935;487,02;458,435;494,18;516,095;527,335;471,665;429,72;463,32;392,4;408,425;403,46;431,59;607,75;NA;170;471;438,7;NA
"24-10-2015";NA;476;434;372;273;218;169;NA;388,65;344,315;326,64;313,825;571,29;391,725;515,62;421,35;501,81;487,975;513,775;505,62;542,45;469,275;426,78;463,91;399,23;412,54;415,5;447,695;641,17;NA;169;476;444,1;NA
"25-10-2015";NA;484;435;370;276;219;167;NA;388,71;362,47;324,39;305,83;562,38;405,37;510,26;424,725;531,445;516,81;534,475;498,825;543,735;467,66;414,94;461,61;412,2;411,025;434,79;457,1;656,28;NA;167;484;449,6;NA
"26-10-2015";NA;489;434;364;276;220;165;NA;382,77;385,36;323,53;293,595;565,91;416,72;501,89;430,71;565,72;547,51;553,665;487,855;544,625;470,435;407,36;470,97;418,63;404,48;453,44;458,32;661,88;NA;165;489;455,5;NA
"27-10-2015";NA;493;435;361;273;220;163;NA;375,99;405,93;326,86;292,325;560,57;424,985;506,44;430,975;590,52;571,955;569,05;481,98;551,12;456,68;398,7;485,38;429,25;404,645;474,26;460,475;638,98;NA;163;493;461,6;NA
"28-10-2015";NA;496;435;355;271;221;162;NA;370,58;413,845;334,06;298,225;562,72;423,885;500,5;434,39;609,31;594,135;587,505;475,785;541,65;452,13;396,95;498,42;438,6;409,44;494,24;455,89;607,13;NA;162;496;462,7;NA
"29-10-2015";NA;496;434;349;269;224;161;NA;372,16;412,06;331,22;302,445;569,34;423,995;484,89;431,665;624,205;599,985;592,395;479,17;535,955;448,495;402,24;505,19;453,98;412,095;506,02;460,205;573,35;NA;161;496;463,9;NA
"30-10-2015";NA;493;433;347;270;224;164;NA;376,51;397,975;319,49;325,42;569,33;409,13;471,67;430,715;618,695;596,985;565,19;484,71;525,175;448,585;394,5;501,51;479,65;413,66;517,68;467,67;539,5;NA;164;493;458,1;NA
"31-10-2015";NA;489;434;347;272;225;165;NA;378,31;377,885;305,08;343,25;559,13;393,71;454,24;426,66;596,285;586,65;527,35;494,38;521,995;436,265;393,15;492,59;495,42;415,955;526,82;475,43;512,77;NA;165;489;453,1;NA
"01-11-2015";NA;485;438;347;276;225;165;NA;382,14;358,1;293,12;358,95;547,71;379,76;445,6;429,33;565,515;589,2;488,915;511;520,65;434,905;385,66;492,42;497,06;414,88;533,72;493,815;497,43;NA;165;485;449,5;NA
"02-11-2015";NA;478;445;352;280;229;164;NA;382,82;348,7;289,45;376,355;546,18;371,53;442,41;438,035;541,445;600,075;455;514,19;518,005;434;389,93;479,95;478,04;419,99;526,51;513,965;511,32;NA;164;478;448,1;NA
"03-11-2015";NA;472;452;357;286;230;161;NA;384,83;338,78;277,31;395,81;563,71;363,055;448,01;451,58;520,595;620,21;431,925;513,36;513,34;439,815;397,83;474,83;460,96;419,67;520,11;521,705;535,5;NA;161;472;446,7;NA
"04-11-2015";NA;471;460;360;291;232;159;NA;384,97;326,31;274,82;413,515;587,47;366,745;460,31;466,285;509;611,41;408,33;510,07;505,375;439,225;401,74;467,8;443,9;413,055;513,36;519,09;552,25;NA;159;471;446;NA
"05-11-2015";NA;475;471;367;293;231;155;NA;387,57;324,27;289,07;424,51;600,79;372,705;477,72;472,445;490,565;600,405;394,01;510,99;510,755;444,735;409,16;469,1;434,83;418,505;504,6;512,005;572,25;NA;155;475;446;NA
"06-11-2015";NA;478;478;370;293;231;153;NA;383,32;328,455;301,64;426,485;600,52;384,77;492,53;466,97;479,505;583,53;387,66;510,27;516,015;446,055;403,33;467,76;427,53;424,185;498,69;503,82;575,32;NA;153;478;448,6;NA
"07-11-2015";NA;483;484;374;293;228;153;NA;372,03;322,56;315,61;427,785;592,57;397,555;511,22;455,835;482,335;545,675;388,23;509,91;525,335;447,77;403,86;469,47;422,92;422,98;488,28;484,61;580,95;NA;153;484;450,7;NA
"08-11-2015";NA;490;487;381;292;225;154;NA;375,33;312,225;322,32;416,15;566,48;408,085;531,35;442,395;492,4;497,38;394,555;501,325;527,315;450,74;403,75;471,59;414,44;410,27;476,09;452,945;581,61;NA;154;490;449,7;NA
"09-11-2015";NA;495;484;385;292;221;156;NA;373,69;294,75;332,07;407,56;538,7;414,335;539,33;418,62;510,055;450,05;418,015;492,655;544,915;474,72;401,47;478,07;406,58;389,455;459,63;421,895;599,98;NA;156;495;445,6;NA
"10-11-2015";NA;497;477;387;296;220;157;NA;371,98;268,325;321,1;392,05;511,3;411,345;543,27;391,93;534,035;385,55;448,835;500,57;557,88;460,73;398,53;471,11;395,18;379,14;442,22;394,25;614,03;NA;157;497;436,9;NA
"11-11-2015";NA;496;471;389;300;220;159;NA;371,87;250,66;318,96;374,765;485,92;405,74;536,16;373,605;549,815;328,805;479,235;495,875;547,56;441,76;399,72;456,62;381,76;375,265;436,16;378,485;621,82;NA;159;496;429;NA
"12-11-2015";NA;497;467;387;303;222;164;NA;363,66;247,09;315,22;364,12;477,77;406,995;530,17;366,15;560,085;307,835;516,515;488,2;534,38;430,195;404,29;438,19;374,81;372,28;435,18;377,265;624,49;NA;164;497;424,9;NA
"13-11-2015";NA;502;470;387;307;223;168;NA;372,75;253,7;309,52;364,1;484,47;408,78;527,1;370,695;573,35;322,025;546,225;476,825;526,72;422,5;421,85;427,37;388,2;379,64;440,4;389,12;618,17;NA;168;502;427,2;NA
"14-11-2015";NA;505;474;385;305;223;169;NA;383,77;284,845;304,95;366,695;501,49;421,12;528,88;383,005;577,405;352,625;558,965;458,05;516,755;426,975;420,28;424,7;405,3;386,645;462,71;416,985;604,31;NA;169;505;435,3;NA
"15-11-2015";NA;504;478;382;301;223;171;NA;389,89;323,09;312,96;372,415;517,94;436,735;530,3;396,715;609,11;387,365;570,14;473,19;497,98;438,68;425,5;406,66;429,4;394,115;488,17;447,61;590,45;NA;171;504;445,1;NA
"16-11-2015";NA;502;482;381;298;222;171;NA;393,87;353,455;321,99;382,34;536,85;455,44;531,89;411,76;648,93;415,4;569,215;490,305;493,31;466,99;435,37;410,57;464,06;400,575;501,9;467,36;569;NA;171;502;454,4;NA
"17-11-2015";NA;500;481;381;296;221;170;NA;396,23;367,5;327,16;395,865;559,97;467,235;534,01;417,185;690,785;444,895;561,725;499,025;497,54;459,635;447,61;426,83;497,87;410,05;499,9;497,27;555,24;NA;170;500;464,1;NA
"18-11-2015";NA;498;478;378;294;221;169;NA;400,48;379,06;323,92;406,865;573,95;484,535;544,15;423,09;715,32;472,655;546,575;513,125;500,705;452,395;454,58;441,77;508,01;411,73;507,8;511,27;548,03;NA;169;498;470,8;NA
"19-11-2015";NA;495;473;376;296;223;167;NA;395,5;386,69;318,22;411,885;567,64;500,895;536,18;423,405;716,22;494,365;532,03;520,19;497,67;444,525;448,8;451,26;519,02;415,62;517,81;515,515;538,01;NA;167;495;473,7;NA
"20-11-2015";NA;493;472;372;300;223;164;NA;386,45;394,145;306,17;411,685;559,81;502,74;533,2;421,735;735,85;487,11;518,01;518,46;499,325;423,7;448,98;447,73;525,73;418,695;515,17;506,945;543,88;NA;164;493;471,9;NA
"21-11-2015";NA;491;469;369;301;224;162;NA;378,17;395,935;295,59;407,99;547,6;502,83;538,14;423,115;728,54;492,49;534,025;515,015;504,655;415,21;443,21;437,8;517,99;417,575;499,99;490,305;564,31;NA;162;491;466,5;NA
"22-11-2015";NA;493;474;369;300;224;158;NA;369,1;394,595;287,22;407,63;548,27;490,87;554,93;416,345;709,17;501,615;558,9;501,485;504,035;402,765;434,69;430,18;498,02;422,455;482,38;475,545;577,38;NA;158;493;459,3;NA
"23-11-2015";NA;496;475;365;298;225;154;NA;361,58;390,735;285,64;404,92;549,97;466,18;572,2;413,905;677,72;506,09;587,885;485,685;495,535;383,74;431,77;427,17;487,63;417,58;465,18;452,105;593,97;NA;154;496;452,1;NA
"24-11-2015";NA;497;475;361;300;227;148;NA;358,33;390,34;287,97;401,345;548,21;447,98;587,76;411,85;660,74;505,475;617,93;484,36;486,295;369,47;429,15;428,53;473,29;412,945;447,68;429,27;612,87;NA;148;497;446,3;NA
"25-11-2015";NA;494;476;354;301;226;145;NA;353,48;386,195;290,83;394,7;552,94;431,105;612;420,38;646,61;501,46;665,48;486,375;485,985;366,315;416,64;424,14;462,44;416,83;435,53;418,83;620,33;NA;145;494;445,5;NA
"26-11-2015";NA;493;480;351;303;228;142;NA;350,85;382,885;292,01;388,085;559,09;415,705;629,92;426,145;630,3;498,075;705,345;493,45;491,76;374,37;408,06;416,43;459,53;432,605;408,41;416,565;627,36;NA;142;493;448,1;NA
"27-11-2015";NA;491;484;349;302;232;141;NA;347,49;384,885;293,63;378,055;579,62;397,78;632,12;438,72;618,025;483,47;758,775;497,975;504,495;381,5;407,85;417,4;465,23;434,52;397,14;422,14;638,63;NA;141;491;451,1;NA
"28-11-2015";NA;487;487;348;302;234;143;NA;350,41;387,975;300;366,08;583,64;385,12;626,82;447,8;595,615;467,4;777,175;507,13;510,36;398,06;408,93;424,42;479,21;433,37;369,52;439,475;620,38;NA;143;487;453,8;NA
"29-11-2015";NA;486;488;348;302;234;147;NA;346,63;388,635;312,07;359,865;594,43;371,485;609,51;451,505;562,97;443,79;776,1;507,6;514,075;409,215;420,81;438,66;499,38;423,88;355,15;456,935;596,46;NA;147;488;457,3;NA
"30-11-2015";NA;485;486;351;299;233;148;NA;347,98;386,855;324,81;356,82;586,75;369,865;593,03;446,05;531,235;422,955;766,995;506,74;515,41;426,615;427,65;439,64;516,81;423,745;347,72;475,815;568,9;NA;148;486;455,2;NA
"01-12-2015";NA;485;482;354;296;232;149;NA;350,42;390,77;326,79;361,545;568,65;384,265;567,5;438,865;506,835;418,265;758,31;504,78;508,82;443,945;425,23;437,02;524,07;413,21;351,6;493,705;566,76;NA;149;485;452,4;NA
"02-12-2015";NA;482;475;358;292;232;153;NA;353,59;398,315;322,09;369,915;560,89;396,92;542,26;431,205;493,725;418,745;711,205;500,86;505,855;454,945;420,4;436,07;536,89;404,33;361,69;509,73;569,41;NA;153;482;449,4;NA
"03-12-2015";NA;480;469;363;290;232;158;NA;352,77;408,605;319,1;378,47;560,82;399,38;521,11;424,315;488,375;419,35;650,83;498,54;506,395;465,94;421,61;446,98;547,89;401,9;377,14;518,42;572,75;NA;158;480;447,3;NA
"04-12-2015";NA;479;464;366;286;230;163;NA;351,17;423,46;311,92;375,35;551,87;396,25;511,57;412,085;491,585;416,13;598,53;493,485;510,895;470,395;425,31;456,35;544,48;403,81;388,94;517,585;590,2;NA;163;479;444,8;NA
"05-12-2015";NA;479;460;370;281;228;167;NA;346,91;422,955;305,98;367,005;546,52;391,655;498,4;392,995;491,595;413,6;562,11;484,085;525,785;461,63;423,27;467,37;533,18;409,78;383,96;509,805;601,15;NA;167;479;439,5;NA
"06-12-2015";NA;482;454;370;279;225;170;NA;344,15;416,81;294,01;358,585;540,94;390,475;484,18;371;477,725;408,72;531,085;477,555;555,035;452,13;415,81;478,99;519,77;406,81;382,99;493,715;615,48;NA;170;482;432,1;NA
"07-12-2015";NA;483;448;370;281;220;171;NA;340,79;407,475;278,65;357,77;514,95;389,325;457,91;356,9;464,67;416,88;503,095;468,54;573,59;439,345;406,05;486,3;499,72;404,22;376,52;472,035;617,6;NA;171;483;425,4;NA
"08-12-2015";NA;483;443;365;284;216;171;NA;331,79;401,545;262,41;355,975;494,27;382,145;439,75;353,39;474,94;440,16;480,35;458,8;564,58;424,765;393,57;496,41;474,84;399,53;372,88;457,955;613,8;NA;171;483;419,6;NA
"09-12-2015";NA;482;436;361;288;215;171;NA;326,43;379,8;249,98;351,75;472,94;372,515;425,85;345,465;478,255;469,625;474,125;452,17;543,98;408,88;377,86;492,82;466,2;391,86;374,5;445,42;609,98;NA;171;482;415,2;NA
"10-12-2015";NA;478;430;356;289;214;167;NA;322,21;363,245;248,65;347,595;468,19;366,53;426,8;336,43;480,175;489,41;465,505;446,9;544,305;398,235;369,7;490,45;460,12;392,44;386,09;444,355;606,97;NA;167;478;410,9;NA
"11-12-2015";NA;476;423;352;290;211;163;NA;319,59;353,635;248,08;345,625;468,56;363,82;424,8;336,43;484,22;497,47;473,44;444,55;524,63;396,52;365,68;484,81;460,97;402,82;403,58;455,355;606,12;NA;163;476;409,3;NA
"12-12-2015";NA;469;418;348;287;208;157;NA;322,14;339,15;253,46;344,775;469,58;363,53;434,23;334,225;468,3;497,02;468,135;437,445;509,75;400,87;375,07;465,39;458,12;408,445;413,75;462,925;573,77;NA;157;469;409,8;NA
"13-12-2015";NA;463;414;343;286;205;154;NA;327,19;325,72;256,53;341,535;470,01;365,155;449,8;334,37;460,52;504,615;459,185;436,105;502,275;413,805;381,68;450,34;461,77;412,855;432,9;466,785;546,47;NA;154;463;410,7;NA
"14-12-2015";NA;453;410;337;281;203;154;NA;325,87;312,3;256,24;338,835;468,77;364,68;459,92;335,25;458,135;509,59;438,455;431,995;500,705;423,78;381,18;442,68;438,89;410,075;438,32;466,08;530,8;NA;154;453;409,4;NA
"15-12-2015";NA;445;399;327;276;200;154;NA;328,57;302,81;259,56;336,225;463,61;363,255;455,74;341,43;460,595;505,245;419,905;429,085;517,525;436,29;380,3;436,9;425,43;408,715;442,08;465,06;521,56;NA;154;445;404,6;NA
"16-12-2015";NA;436;390;315;271;196;156;NA;332,1;292,695;258,18;329,71;456,24;360,36;446,83;344,91;444,285;495,785;424,215;419,33;513,64;453,665;379,93;422,47;400,91;398,265;448,81;460,955;515,4;NA;156;436;400;NA
"17-12-2015";NA;431;381;303;270;190;160;NA;335,82;285,74;251,6;322,25;443,21;354,595;439,92;345,625;446,15;474,46;421,03;418,25;499,055;459,235;378,91;415,17;385,87;389,27;444,92;453,405;501,8;NA;160;431;398,1;NA
"18-12-2015";NA;426;376;291;268;184;164;NA;341,87;280,63;245,39;306,42;429,72;349,005;435,06;335,43;481,42;470,83;435,61;412,765;486,29;460,155;370,24;406,14;360,02;384,06;436,75;435,445;502,33;NA;164;426;397,5;NA
"19-12-2015";NA;420;371;283;266;176;168;NA;344,33;285,715;234,84;295,935;422,76;340,665;437,64;331,34;494,04;473,73;453,925;406,36;484,385;436,64;354,2;395,58;340,72;371,895;414,2;416,32;516,94;NA;168;420;391,2;NA
"20-12-2015";NA;413;367;277;264;168;169;NA;342,95;284,385;216,89;285,995;417,14;328,3;434,29;324,785;508,66;479,57;480,24;401,46;495,935;398,11;334,28;380,01;311,17;358,475;394,41;391,765;521,39;NA;168;413;382,3;NA
"21-12-2015";NA;405;362;272;264;163;167;NA;334,46;279,075;203,71;276,52;407,3;302,355;431,29;316,265;529,07;493,955;501,59;388,535;507,77;372,14;316,93;375,06;276,42;341,24;383,12;374,195;517,36;NA;163;405;372,2;NA
"22-12-2015";NA;395;356;271;266;161;163;NA;326,77;275,525;197,71;269,405;403,76;282,765;430,67;311,55;537,365;506,285;518,92;382,075;515,805;357,175;300,54;363,17;249,03;320,01;372,21;365,74;517,63;NA;161;395;365,7;NA
"23-12-2015";NA;385;352;268;268;163;157;NA;324,85;261,89;192,05;262,94;398,09;267,185;428,07;310,23;541,44;510,985;525,25;373,215;513,43;342,535;289,01;359,66;239,67;303,07;372,04;368,185;518,23;NA;157;385;362,1;NA
"24-12-2015";NA;383;349;266;270;169;152;NA;325,68;253,005;194,94;262,76;388,35;263,2;433,8;319,615;543,355;506,835;514,695;376,02;517,585;333,04;286,66;354,22;243,37;295,085;380,61;376,82;516,79;NA;152;383;361,5;NA
"25-12-2015";NA;385;354;264;270;175;149;NA;328,28;236,7;195,54;266,33;383,72;273,915;443,07;332,985;540,24;522,7;496,19;399,28;514,505;331,31;279,39;354,14;251,53;295,475;385,6;383,765;507,33;NA;149;385;362,9;NA
"26-12-2015";NA;389;355;264;265;181;146;NA;334,91;221,755;193,5;277,95;373,4;294,225;441,42;356,745;546,845;571,665;472,565;418,535;505,32;337,165;282,67;357,44;274,93;301,57;383,08;394,19;498,97;NA;146;389;367,1;NA
"27-12-2015";NA;392;359;265;262;183;138;NA;335,54;210,21;193,44;289,15;373,79;328,03;439,18;379,17;555,37;602,14;456,38;426,49;500,71;342,605;285,45;360,83;287,51;308,84;374,67;404,785;481,81;NA;138;392;370,7;NA
"28-12-2015";NA;392;362;268;259;186;130;NA;334,77;200,7;189,68;313,115;378,94;336,04;432,89;399,765;564,755;591,05;437,63;441,255;494,9;352,12;293,15;359,13;301,8;318,475;367,89;421,66;473,73;NA;130;392;375,3;NA
"29-12-2015";NA;394;363;274;257;190;126;NA;335,93;211,41;183,65;335,505;388,3;354,655;417,7;425,355;573,195;581,96;411,395;459,515;486,67;366,105;305,1;367,22;325,37;334,225;361,84;426,03;480,55;NA;126;394;384,3;NA
"30-12-2015";NA;398;366;286;259;195;128;NA;342,32;235,23;192,44;357,26;406,34;370,435;414,95;453,79;580,41;571,68;399,76;465,11;480,36;384,35;318,93;368,9;357,58;351,355;359,48;421,315;499,48;NA;128;398;392,4;NA
"31-12-2015";NA;403;368;296;264;197;134;NA;350,23;271,935;205,99;376,7;418,4;391,115;421,34;478,01;619,945;547,795;425,16;459,825;470,38;404,33;330,37;384,15;372,12;363,995;357,56;430,18;522,11;NA;134;403;401,9;NA
"01-01-2016";NA;416;373;307;265;198;143;94;361,78;304,73;224,89;389,685;462,15;404,21;439,84;493,305;646,475;514,12;443,71;449,285;467,55;417,07;339,46;392,44;362,69;379,415;360,77;447,3;555,53;NA;94;416;416,2;NA
"02-01-2016";NA;431;377;317;269;197;152;103;372,32;343,725;242,4;423,45;513,3;430,83;457,2;499,355;678,06;481,21;435,33;419,67;478,67;424,79;342,11;384,5;350,94;391,085;369,73;435,07;587,23;NA;103;431;429,9;NA
"03-01-2016";NA;445;386;328;272;195;157;110;388,27;370,08;247,93;433,515;558,25;444,365;490,36;488,275;715,82;438,4;452,55;418,39;490,365;429,805;349,5;387,13;345,64;403,735;382,42;424,92;618,38;NA;110;445;434,2;NA
"04-01-2016";NA;462;394;336;281;195;163;118;393,67;382,645;249,77;428,83;570,37;460,39;512,97;471,91;741,775;400,345;461,565;426,52;502,855;418,165;358,32;393,18;352,5;407,875;395,7;418,36;631,81;NA;118;462;438,9;NA
"05-01-2016";NA;479;403;347;290;195;167;124;390,34;393,64;252,44;414,175;572,71;468,055;516,66;460,225;744,75;375,435;479,55;439,065;514,33;411,315;370,93;391,21;359,33;411,145;404,44;415,205;640,3;NA;124;479;442,4;NA
"06-01-2016";NA;490;412;356;300;195;169;128;385,19;387,2;251,24;404,245;562,12;477,355;523,26;451,775;756,945;375,72;488,955;452,495;525,805;413,17;379,64;389,14;372,84;398,64;415,41;412,625;651,26;NA;128;490;443,8;NA
"07-01-2016";NA;495;420;364;311;193;170;129;380,3;373,24;254,18;391,19;567,03;482,295;527,36;448,745;779,73;382,5;502,765;466,77;539,795;420,245;384,8;382,6;380,19;387,7;427,01;416,48;651,88;NA;129;495;443,7;NA
"08-01-2016";NA;494;426;369;321;192;169;130;375,09;364,575;261,18;380,795;555,21;482,99;515,85;450,275;823,32;388,87;524,905;477,47;544,55;434,385;392,09;378,25;395,68;380,575;437,66;427,635;655,02;NA;130;494;444,4;NA
"09-01-2016";NA;492;432;372;327;190;167;129;375,75;355,99;274,43;364,72;550,7;473,565;498,99;452,375;849,655;378,345;553,535;482,23;550,295;443,685;398,17;371,17;404,9;374,625;454,48;434,125;670,56;NA;129;492;446,8;NA
"10-01-2016";NA;484,9;436;376;333;187;163;127;372,07;345,325;276,05;334,98;528,79;448,095;498,13;455,025;829,21;398,395;581,1;482,39;537,125;432,63;406,39;359,53;414,42;375,3;460,3;438,345;682,04;NA;127;484,9;446,1;NA
"11-01-2016";NA;472,8;439;382;334;184;159;126;376,38;336,735;288,67;301,145;501,09;428,2;489,56;453,385;771,68;407,815;593,515;480,995;528,46;424,79;409,5;357,6;428,73;369,4;463,05;448,17;697,35;NA;126;472,8;444,3;NA
"12-01-2016";NA;462,3;440;386;335;182;156;121;374,22;331,955;292,61;278,695;470,14;403,115;486,52;453,915;675,365;402,63;596,655;481,01;517,19;420,365;411,26;362,23;434,74;362,525;468;450,515;699,8;NA;121;462,3;441,9;NA
"13-01-2016";NA;451,7;439;383;339;181;154;115;376,71;327,795;304,9;269,175;449,08;392,045;483,77;449,995;606,335;392,55;611,245;475,485;508,535;415,6;429,77;360,05;441,26;360,315;470,74;449,69;684,58;NA;115;451,7;439,2;NA
"14-01-2016";NA;446,1;442;382;341;179;152;111;377,49;329,14;312,77;275,01;442,2;391,155;481,73;439,845;585,335;369,45;605,08;469,1;504,725;415,88;459,43;361,02;451,01;365,47;471,13;454,155;671,6;NA;111;446,1;440,6;NA
"15-01-2016";NA;442;445;378;345;180;151;108;380,66;335,165;332,53;286,765;435,56;398,765;493,54;435,48;595,235;344,9;590,675;468,13;504,72;421,995;491,18;368,52;468,77;384,495;469,05;459,79;650,86;NA;108;445;446,8;NA
"16-01-2016";NA;443,4;448;373;347;181;151;106;381,89;342,81;347,88;304,565;440,83;408,645;520,23;438,47;631,685;327,145;568,23;463,665;503,1;420,725;510,24;405,85;486,8;407,45;471,38;464,775;641,24;NA;106;448;452,3;NA
"17-01-2016";NA;440,2;450;371;347;183;150;107;379,3;348,525;362,94;329,77;451;418,315;527,74;442,13;647,75;311,65;511,04;463,885;510,14;422,855;527,08;436,52;504,79;430,73;472,03;465,31;627,8;NA;107;450;458,8;NA
"18-01-2016";NA;440,7;449;372;347;183;149;107;376,48;353,735;378,35;356,31;458,62;428,435;540,52;446,165;629,755;315,905;486,96;458,795;519,645;428,325;530,58;461,77;500,86;454,69;471,82;466,435;606,45;NA;107;449;464,9;NA
"19-01-2016";NA;438,6;448;376;343;185;147;109;380,01;365,165;387,17;376,535;470,4;433,755;538,1;459,235;607,625;317,115;495,71;455,455;525,87;430,92;527,95;482,5;483,86;468,37;473,15;465,395;594,42;NA;109;448;467,8;NA
"20-01-2016";NA;437,7;446;378;339;188;146;109;388,82;373,78;389,87;393,6;487,17;444,67;565,43;477,915;637,075;321,905;497,51;447,94;519,09;430,705;510;504,17;470,07;471,365;470,85;461,85;593,33;NA;109;446;469,9;NA
"21-01-2016";NA;437,8;442;376;335;192;146;110;401,79;376,775;388,49;404,77;507,13;452,68;580,45;494,955;668,695;328,2;479,06;440,915;517,94;428,375;484,71;513,88;461,79;465,725;462,23;450,27;594,61;NA;110;442;468,8;NA
"22-01-2016";NA;436,2;439;372;327;196;146;111;413,15;376,03;381,46;406,025;518,26;450,405;603,83;498,815;675,48;352,21;465,13;432,505;513,105;425,55;449,56;513,67;459,31;458,815;451,03;448,815;587,14;NA;111;439;466,2;NA
"23-01-2016";NA;434,8;439;368;318;199;146;112;425,63;377,69;370,6;397,925;509,34;442,665;625,51;488,35;674,695;382,09;480,545;431,18;504,875;426,135;423,31;516,26;460,21;449,715;435,78;441,65;588,8;NA;112;439;463,3;NA
"24-01-2016";NA;430,5;439;365;306;203;144;112;420,37;391,725;355,49;390,59;499,05;433,47;629,85;482,555;662,92;417,645;517,245;426,435;484,3;419,865;401,52;516,09;459,66;438,43;429,87;438,21;585,61;NA;112;439;457,5;NA
"25-01-2016";NA;427,6;440;363;294;205;141;112;410,25;393,39;341,89;388,565;489,05;426,61;621,34;468,415;648,22;450,39;506,35;427,885;466,21;406,42;389,99;510,21;456,15;424,78;429,44;434,02;584,06;NA;112;440;452,2;NA
"26-01-2016";NA;423,6;440;360;287;206;138;112;398,7;386;334,89;384,885;489,03;420,125;601,07;448,88;594,37;476,115;499,735;440,755;450,475;399,22;377,4;489,11;456,12;407,88;422,33;425,61;590,87;NA;112;440;445,8;NA
"27-01-2016";NA;421,8;436;356;282;208;138;110;387,81;376,775;319,78;382,695;487,67;408,965;579,37;428,87;534,655;494,625;478,445;449,735;444,625;396,415;363,78;461,3;462,2;385,385;413,7;421,745;606,99;NA;110;436;438,7;NA
"28-01-2016";NA;417,2;432;349;280;208;139;107;376,58;357,54;301,49;384,19;487,58;393,53;539,06;405,665;486,115;509,125;458,395;445,28;441,45;394,205;359,32;456,69;469,27;373,77;412,7;421,46;621,28;NA;107;432;430,3;NA
"29-01-2016";NA;411,7;428;345;277;208;139;106;365,43;327,04;287,89;384,51;483,43;381,465;490,68;384,56;462,775;520,99;439,41;433,17;448,785;396,05;366,8;460,67;481,49;362,385;421,99;422,4;631,41;NA;106;428;423,2;NA
"30-01-2016";NA;405,7;427;340;275;208;140;108;354,87;306,62;273,67;381,355;474,09;363,585;454,3;360,855;451,825;536,59;425,84;418,72;439,11;397,835;376,58;448,53;483,71;359,155;419,88;435,07;637,71;NA;108;427;413,2;NA
"31-01-2016";NA;400,8;430;335;278;208;140;112;344,69;277,205;255,14;368,485;451,18;352,1;424,79;340,905;441,605;547,99;420,405;389,87;439,52;387,145;387,81;433,93;491,7;352,555;428,02;441,275;644,77;NA;112;430;397,5;NA
"01-02-2016";NA;396,9;430;333;282;207;140;115;333,42;250,88;238,61;349,195;430,52;348,51;406,77;324,45;441,175;551,675;416,635;368,73;432,31;386,72;391,38;418,34;483,61;349,515;433,64;443,375;641,39;NA;115;430;385,5;NA
"02-02-2016";NA;394,5;426;328;289;206;139;119;321,41;227,015;229,57;323,165;415,28;347,185;396,4;310,165;445,46;526,58;423,54;356,36;422,75;383,36;392,36;409,01;466,12;351,625;435,68;435,125;635,66;NA;119;426;378,1;NA
"03-02-2016";NA;391;421;326;297;204;139;123;316,63;215,63;218,95;299,565;415,98;342,945;383,36;297,66;472,645;520,91;417,865;350,315;410,22;387,405;393,72;390,34;464,3;360,85;430,22;419,69;637,51;NA;123;421;372,3;NA
"04-02-2016";NA;391,9;418;321;306;201;139;126;314,58;222,52;218,93;280,08;421,13;340,85;374,65;290,575;498,855;550,07;399,37;345,945;392,895;396,93;394,97;388,24;447,75;374,95;425,19;401,09;625,8;NA;126;418;371,5;NA
"05-02-2016";NA;394,4;413;321;317;198;138;128;308,1;233,51;218,06;264,065;429,69;328,055;366,64;283,105;519,8;598,645;389,43;349,375;389,49;405,125;405,65;398,89;443,12;388,75;425,42;396,685;611,04;NA;128;413;372,5;NA
"06-02-2016";NA;399,3;407;321;324;194;136;130;299,49;244,725;220,34;259,1;433,04;310,2;361,45;284,685;532,96;604,365;390,89;359,32;383,795;396,775;420,76;414,42;449,47;401,79;424,59;396,935;599;NA;130;407;371,8;NA
"07-02-2016";NA;406,9;403;321;332;191;134;131;297,94;257,67;220,97;260,81;443,16;308,855;357,86;279,565;538,08;607,065;400,42;369,545;386,855;377,99;416,43;425,5;444,76;413,815;423,03;398,315;588,49;NA;131;406,9;372,5;NA
"08-02-2016";NA;409,9;399;324;337;190;132;130;296,88;268,35;221,81;270,61;458,05;304,635;364,02;275,865;548,59;594,88;408,025;378,285;391,13;359,175;412,98;447,59;447,5;407,315;419,32;400,035;580,14;NA;130;409,9;373,5;NA
"09-02-2016";NA;411;395;327;341;190;130;128;306,11;284,73;225,78;281,645;471,69;299,635;370,99;276,98;543,69;579,35;423,34;391,485;394,095;357,37;403,74;454,34;456,64;408,78;415,94;399,85;581,07;NA;128;411;378,7;NA
"10-02-2016";NA;410,6;389;325;343;190;128;127;314,85;311,11;235,71;291,11;482,11;299,265;369,78;280,01;549,8;575,575;453,31;409,5;399,135;356,905;401,96;469,56;455,31;403,69;408,94;395,325;565,28;NA;127;410,6;384;NA
"11-02-2016";NA;408;386;322;339;193;128;125;324,53;323,445;243,31;296,745;489,85;299,67;365,31;283,995;563,055;565,885;481,16;419,495;403,585;358,17;395,39;471,27;457,77;399,15;402,92;397,765;546,32;NA;125;408;388,7;NA
"12-02-2016";NA;402,7;385;320;332;197;130;123;331,02;318,715;248,02;302,38;496,94;304,905;360,82;287,2;567,515;575,775;506,285;430,905;413,47;355,37;387,21;466,12;462,18;392,845;397,12;410,125;536,54;NA;123;402,7;391,8;NA
"13-02-2016";NA;398,3;389;319;323;201;134;122;339,57;313,105;250,52;301,2;498,82;316,74;350,68;290,045;583,465;628,09;529,37;430,625;426,485;354,89;377,32;456,63;456,23;372,76;382,22;418,345;537,03;NA;122;398,3;390,4;NA
"14-02-2016";NA;393,2;395;317;312;203;141;122;338,54;305,66;251,78;303,005;503,5;319,275;347,91;296,745;599,54;811,815;536,185;423,915;443,325;359,2;369,61;442,89;438;351,485;366,07;413,41;539,84;NA;122;395;386,9;NA
"15-02-2016";NA;389,3;402;318;301;203;146;125;337,68;296,45;252,1;305,995;515,96;320,01;339,82;309,875;624,06;1010,44;520,185;415,37;448,725;367,165;359,98;423,29;412,99;337,56;349,72;404,24;540,65;NA;125;402;385;NA
"16-02-2016";NA;384,6;407;318;290;200;149;128;329,66;288,965;253,03;305,045;525,31;324,895;332,8;313,8;650,99;1172,01;504,595;401,985;455,345;372,265;358,8;402,55;400,78;330,05;340,44;393,81;535,29;NA;128;407;382,9;NA
"17-02-2016";NA;380,7;406;318;282;197;153;130;322,44;299,03;252,51;305,205;528,32;331,8;328,24;324,255;675,885;1277,54;495,73;399,795;461,285;375,995;358,09;394,46;401,82;324,145;344,28;380,745;533,44;NA;130;406;382,9;NA
"18-02-2016";NA;378,5;407;318;278;196;156;131;318,6;305,225;252,47;307,875;534,15;337,99;330,68;330,205;680,93;1299,01;501,965;400,1;466,18;384,46;365,88;398,69;400,8;315,605;351,21;379,44;524,87;NA;131;407;385,8;NA
"19-02-2016";NA;377,9;409;321;271;195;157;133;315,26;311,12;249,04;310,4;535,78;346,97;349,49;330,12;657,735;1314,95;501,765;398,36;472,42;390,08;374,39;407,95;412,34;310,105;360,26;385,565;523,05;NA;133;409;386,5;NA
"20-02-2016";NA;376,1;410;322;262;191;158;133;317,18;325,205;249,36;309,38;519,9;352,685;369,79;334,38;630,615;1267,72;463,275;400,6;502,235;389,33;378,54;414,21;420,83;305,49;374,11;385,845;509,89;NA;133;410;388,7;NA
"21-02-2016";NA;375,6;410;325;253;187;159;134;315,52;344,28;250,52;306,37;498,34;354,065;381,76;328,88;595,88;1169,2;420,965;414,09;510,01;385,135;375,52;428,98;410,9;312,875;390,42;390,96;500,58;NA;134;410;391,9;NA
"22-02-2016";NA;376,8;407;328;250;183;158;133;318,61;348,43;240,72;302,31;479,74;361,225;408,38;324,765;549,91;1068,065;399,93;429,61;497,64;378,485;379,86;433,76;380,87;321,11;395,81;404,685;503,51;NA;133;407;391,3;NA
"23-02-2016";NA;378,3;403;330;250;181;155;129;321,26;352,675;237,52;300,48;467,8;358,165;419,96;320,23;512,65;914,745;378,375;437,71;488,495;372,795;371,98;437,67;376,18;328,855;394,96;417,5;512,47;NA;129;403;390,6;NA
"24-02-2016";NA;381,9;396;333;249;177;151;124;323,18;347,885;237,07;297,65;453,72;356,245;417,84;323,215;495,52;816,895;392,94;433,645;480,08;376,82;366,9;431,61;359,95;336,575;387,44;427,26;508,33;NA;124;396;390,3;NA
"25-02-2016";NA;385,9;389;334;247;178;149;121;323,87;346,28;237,31;299,335;438,57;356,25;417,74;324,795;488,405;714,785;406,245;427,785;488,535;376,725;357,34;425,5;341,49;341,975;372,09;445,475;507,71;NA;121;389;389,3;NA
"26-02-2016";NA;390,8;384;333;242;182;146;120;332,5;346,505;239,88;302,985;437,72;349,975;416,88;323,94;488,64;623,935;421,705;418,745;506,44;375,93;355,89;413,99;339,4;349,38;353,97;463,325;505,33;NA;120;390,8;388,1;NA
"27-02-2016";NA;398,3;384;333;237;185;145;120;328,66;345,405;237,99;303,36;440,45;342,905;413,29;324,45;490,31;629,575;427,08;407,71;527,28;374,155;356,2;399,56;361,28;351,91;336,22;454,23;492,07;NA;120;398,3;385,7;NA
"28-02-2016";NA;404,9;384;338;233;191;142;121;318,67;343,07;231,37;308,355;441,9;341,725;391,38;321,605;490,45;737,895;422,28;402,61;541,71;370,3;354,05;390,92;383,51;360,285;320,25;439,045;477,74;NA;121;404,9;382,3;NA
"01-03-2016";NA;413,4;384;341;230;195;140;122;292,74;339,46;240,43;316,42;442;353,815;383,53;317,15;495,58;786,72;416,005;385,115;533,61;375,905;351,84;384,36;418,62;371,155;315,84;401,31;462,83;NA;122;413,4;377,3;NA
"02-03-2016";NA;419,1;384;344;232;198;139;122;285,28;342,985;249,85;323,95;446,77;356,435;370,87;312,885;490,095;745,565;404,28;384,94;524,16;372,905;351,25;380;400,33;385,56;325,05;392,225;446,33;NA;122;419,1;374,1;NA
"03-03-2016";NA;420,7;386;343;236;202;140;122;285,62;347,62;254,67;333,26;441,84;360,67;364,45;316,53;477,15;705,7;410,415;380,21;520,215;375,725;350,38;384,75;391,95;386,36;336,33;385,675;442,26;NA;122;420,7;374,1;NA
"04-03-2016";NA;424,4;391;340;240;208;142;122;297,17;346,475;260,96;338,055;431,58;364,26;363,74;319,89;453,775;711,28;432,73;379,36;506,855;376,43;346,12;388,67;394,72;398,43;355,32;380,245;445,02;NA;122;424,4;375;NA
"05-03-2016";NA;427;396;337;244;213;144;122;305,13;342,095;264,57;341,185;423;369,375;359,48;319,245;460,72;756,935;446,5;379,785;501,045;376,16;346,05;382,09;396,6;404,205;379,49;375,4;447,02;NA;122;427;378;NA
"06-03-2016";NA;427,7;403;331;247;217;147;122;312;336,355;260,11;348,38;410,87;373,425;355,4;311,39;456,905;809,835;456,455;375,665;496,3;375,88;348,53;389,87;400,44;412,68;392,61;370,31;458,83;NA;122;427,7;380,4;NA
"07-03-2016";NA;430,6;410;324;250;219;149;123;328,26;337,665;263,72;350,435;402,23;371,755;351,91;305,08;448,565;873,485;462,37;366,135;498,575;381,765;353,27;393,37;397,07;416,825;402,61;349,855;467,53;NA;123;430,6;379,3;NA
"08-03-2016";NA;427,6;414;320;253;218;149;122;341,3;337,63;260,72;339,36;394,18;365,295;355,41;293,31;451,785;778,105;467,095;360,245;505,985;389,82;358,53;402,89;382;417,285;400,35;349,635;485,73;NA;122;427,6;380,6;NA
"09-03-2016";NA;420,9;415;318;258;215;152;120;356,44;341,395;264,54;327,975;395,66;357,125;351,69;286,245;457,91;718,8;463,6;348,7;508,995;391,965;363,71;414,58;363,65;418,195;393,72;353,51;506,34;NA;120;420,9;384,5;NA
"10-03-2016";NA;415,2;414;313;261;212;154;120;364;349,02;259,83;320,745;396,88;348,35;353,71;272,705;488,195;595,52;453,21;337,975;503,235;397,92;370,38;424,02;361,52;414,955;379,78;365,415;514,79;NA;120;415,2;386;NA
"11-03-2016";NA;413,4;409;309;265;207;158;121;372,7;360,905;264,42;319,215;395,4;338,85;369,74;271,215;528,055;537,445;443,555;326,48;489,21;404,75;373,42;419,01;358,4;409,025;369,07;379,905;510,2;NA;121;413,4;389,3;NA
"12-03-2016";NA;414,7;404;307;269;203;163;121;373,22;371,285;257,62;320,755;396,22;334,27;405,31;278,19;561,81;536,395;439,645;327,695;478,02;410,12;375,62;420,92;367,62;406,775;354,47;387,035;524,91;NA;121;414,7;392;NA
"13-03-2016";NA;419,6;401;309;270;199;166;123;366,26;375,185;256,79;312,65;394,31;336,175;432,2;279,91;566,155;518,855;439,61;333,48;469,565;415,16;360,42;418,06;383,35;403,09;340,01;405,16;522,06;NA;123;419,6;392,7;NA
"14-03-2016";NA;425,3;397;319;270;192;167;122;353,25;374,485;259,27;301,87;382,02;336,96;449,72;278,905;577,675;493,39;445,76;338,75;456,295;410,18;344,3;412,78;381,63;402,01;334,5;420,705;517,12;NA;122;425,3;389,7;NA
"15-03-2016";NA;428,4;394;333;267;185;166;119;340,6;366,6;261,04;288,645;371,86;332,72;457,84;283,665;545,39;461,62;445,455;342,1;447,235;403,64;327,6;405,58;391,37;404,125;328,54;434,3;506,92;NA;119;428,4;384,2;NA
"16-03-2016";NA;431,1;390;343;262;180;165;118;338,43;353,94;261,35;280,365;358,16;331,16;463,33;293,55;518,8;414,095;456,995;346,445;444,1;400,585;317,35;400,55;417,58;401,55;314,3;440,365;485,6;NA;118;431,1;378,9;NA
"17-03-2016";NA;430,9;388;349;258;176;162;118;334,31;343,415;260,99;269,425;351,92;335,865;455,64;304,615;532,075;371,995;455,825;359,555;440,45;398,09;311,35;390,17;449,79;399,2;311,61;424,055;483,4;NA;118;430,9;375,4;NA
"18-03-2016";NA;429,7;384;352;255;175;158;117;330,63;338,135;258,31;260,14;347,57;338,15;443,4;314,21;521,365;348,705;447,905;374,605;437,975;387,45;310,97;383,83;437,98;389,235;308,2;422,655;476,11;NA;117;429,7;373,6;NA
"19-03-2016";NA;425,6;380;355;255;175;152;120;332,69;334,81;242,25;256,03;350,99;337,12;426,96;323,25;516,775;337,425;428,9;368,205;433,26;378,235;311,66;382,63;408,85;380,43;304,44;436,31;472,23;NA;120;425,6;370,2;NA
"20-03-2016";NA;419,8;378;355;255;175;147;121;331,54;327,675;232,17;259,01;354,15;336,27;426,41;319,69;486,275;331,355;403,595;356,795;432,22;372,165;314,19;377,97;387,52;371,055;296,36;436,765;463,11;NA;121;419,8;366,1;NA
"21-03-2016";NA;413,3;377;354;256;176;141;124;336,58;328,18;222,1;262,465;359,32;332,17;413,15;314,2;452,545;314,455;371,285;347,555;453,445;352,625;320,76;375,57;365,61;366,2;295,47;417,5;445,15;NA;124;413,3;360,8;NA
"22-03-2016";NA;404,1;376;350;255;178;138;124;330,9;319,705;225,07;271,755;366,07;325,81;393,23;307,305;415,6;293,19;341,03;339,135;451;327,09;329,79;364,24;343,76;360,915;299,4;416,495;447,94;NA;124;404,1;353,6;NA
"23-03-2016";NA;395;374;342;253;180;137;124;332,58;310,895;229,17;276,925;372,28;311,585;358,9;303,56;398,895;265,715;310,96;332,785;444,06;300,14;328,33;360,65;324,84;349,42;303,34;409,25;455,35;NA;124;395;346,8;NA
"24-03-2016";NA;385,1;371;334;251;184;138;126;323,02;300,1;228,7;279,115;372,26;299,86;321,7;296,22;403,91;225,26;290,675;321,915;434,8;284,55;325,17;365,69;310,19;342,5;297,45;405,15;449,81;NA;126;385,1;340,1;NA
"25-03-2016";NA;377,4;367;329;246;187;137;127;312,58;293,67;227,59;271,375;370,58;289,945;307,04;281,63;391,91;208,775;277,625;299,5;421,48;279,635;315,83;373,28;302,12;341,79;298,76;395,285;436,94;NA;127;377,4;334;NA
"26-03-2016";NA;372,8;365;326;244;192;138;127;297,37;281,185;223;266,61;369,24;283,54;305,67;273,065;390,125;224,645;275,22;288,83;405,16;276,18;309,38;382,63;287,05;342,53;300,2;393,78;423,77;NA;127;372,8;328,9;NA
"27-03-2016";NA;370;365;322;240;193;137;126;282,89;253,925;221,33;267,16;369,95;276,015;314,92;266,34;381,125;282,87;276,135;298,87;386,665;274,695;290,29;385,61;272,49;349,955;301,47;402,615;416,41;NA;126;370;321,4;NA
"28-03-2016";NA;367,3;364;321;236;191;137;125;284,54;226,415;210,93;266,57;369,94;273,535;335,36;263,765;375,18;306,57;293,51;305,06;374,185;283,76;273,38;391,61;251,17;353,995;310,32;418,935;404,6;NA;125;367,3;317,9;NA
"29-03-2016";NA;366,8;363;322;232;191;136;122;287,82;224,205;212,87;265,995;362,8;269,645;367,19;260,065;387,245;330,77;316,105;304,005;358,205;292,29;259,09;392,12;240,6;346,76;311,46;422,905;400,03;NA;122;366,8;319;NA
"30-03-2016";NA;366,7;360;324;230;190;134;120;287,4;225,42;209,79;265,95;364,91;263,725;392,11;260,385;393,025;350,035;345,19;306,4;368,735;311,585;258,51;388,58;242,12;342,155;306,25;427,795;389,76;NA;120;366,7;320,6;NA
"31-03-2016";NA;367,6;356;327;225;187;133;120;294,74;221,79;202,97;272,225;379,06;261,97;405,04;258,655;401,935;368,545;367,64;308,065;382,965;336,65;264,62;383,71;246,13;342,005;293,73;434,045;387,08;NA;120;367,6;326,1;NA
"01-04-2016";NA;368,4;354;332;223;185;134;121;298,73;219,78;202,55;283,91;382,39;260,175;418,38;255,74;404,74;379,3;389,235;307,725;391,16;341,005;268,81;378,34;272,94;349,375;285,87;441,065;386,45;NA;121;368,4;331,2;NA
"02-04-2016";NA;370;353;337;220;183;135;120;297,62;216,48;195,89;303,345;380,48;256,475;427,09;244,63;399,28;384,685;400,59;309,135;408,46;345,6;277,08;367,54;291,63;360,165;284,2;433,315;407,79;NA;120;370;335,9;NA
"03-04-2016";NA;372,6;356;342;218;179;138;119;293,53;218,615;191,2;314,465;379,47;258,435;427;241,48;421,005;394,595;408,445;309,375;407,485;360,5;283,13;356,56;316,15;367,825;279,25;421,09;429,95;NA;119;372,6;338,8;NA
"04-04-2016";NA;374,7;361;345;216;177;142;118;284,44;217,005;180,25;322,715;376,4;260,805;414,63;230,9;439,465;400,24;412,735;303;404,05;365,805;290,3;342,76;336,79;371,22;270,6;399,7;463,81;NA;118;374,7;337,9;NA
"05-04-2016";NA;382,3;364;347;215;176;146;114;277,65;217,38;175,44;323,475;375,09;273,325;393,82;223,75;483,285;395,78;401,195;295,39;400,03;368,555;291,53;326,1;348,1;366,295;256,38;378,44;492,53;NA;114;382,3;335,2;NA
"06-04-2016";NA;388,1;365;348;213;178;149;110;273,71;218,325;172,9;320,32;372,58;287,22;365,24;217,025;511,015;401,82;375,42;293,545;402,75;370,64;291,46;309,33;372,04;355,495;249,93;364,375;509,05;NA;110;388,1;330,1;NA
"07-04-2016";NA;395,5;367;345;211;178;151;106;271,81;219,195;174,91;307,245;374,3;301,995;334,15;215,555;525,51;390,25;345,91;295,175;415,225;362,235;285,01;301,22;393,86;343,435;247,69;353,97;520,18;NA;106;395,5;324,8;NA
"08-04-2016";NA;398,7;366;341;210;178;152;102;272,44;221,835;174,68;290,375;384,73;307,37;310,13;218,445;538,245;365,545;326,94;295,72;430,215;344,59;279,9;302,63;399,93;336,665;252,96;340,97;511,62;NA;102;398,7;323;NA
"09-04-2016";NA;399,4;366;333;209;176;151;100;275,84;218,86;176,81;277,46;403,58;310,855;301,67;229,555;522,2;345,22;319,91;295,245;429,915;334,325;280,78;306,11;403,38;336,18;264,3;330,76;498,99;NA;100;399,4;319,2;NA
"10-04-2016";NA;398,3;366;327;211;174;149;99;278,93;213,635;181,47;261,72;423,52;315,87;289,26;239,265;497,855;337,705;317,315;293,65;431,12;343,53;289,49;308,13;398,56;334,635;282,11;321,06;499,52;NA;99;398,3;319,7;NA
"11-04-2016";NA;391,8;364;323;213;171;147;99;284,4;215,61;190,43;250,39;449,79;317,015;283,36;248,735;474,395;355,095;325,825;286,065;429,255;338,765;292,56;313,1;407,52;339,055;298,16;304,705;507,98;NA;99;391,8;321,4;NA
"12-04-2016";NA;385,1;363;321;216;170;145;100;293,19;220,585;195,61;235,29;460,23;317,8;282,27;250,505;455,49;369,7;327,09;278,19;424,17;343,595;295,76;318,88;437,5;340,05;318,47;294,73;525,77;NA;100;385,1;323,8;NA
"13-04-2016";NA;376,6;359;315;220;170;142;102;300,06;228,73;203,91;228,505;464,05;320,785;279,63;256,99;451,805;391,245;329,09;271,21;425,16;350,435;301,52;328,73;475;350,97;337,83;294,955;525,26;NA;102;376,6;328,6;NA
"14-04-2016";NA;368;353;307;225;171;141;102;300,69;244,395;212,86;221,405;465,66;321,855;274,41;262,365;446,075;404,45;327,825;267,76;422,295;353,825;304,67;346,3;548,39;365,57;353,67;300,725;513,5;NA;102;368;333,6;NA
"15-04-2016";NA;363,1;349;299;230;175;139;103;301,1;263,69;212,12;218,92;461,14;311,08;276,75;273,835;448,695;413,765;325,25;268,78;425,86;353,13;303,26;362,59;609,55;361,245;367,45;306,485;525,47;NA;103;363,1;336,7;NA
"16-04-2016";NA;359,2;348;292;232;177;140;104;305,35;290,82;211,43;225,71;450,64;304,42;281,64;280,17;450,605;422,53;318,895;269,005;420,92;339,235;290;376,19;648,72;357,425;380,96;317,795;534,91;NA;104;359,2;338,6;NA
"17-04-2016";NA;358,6;346;288;234;178;141;107;309,45;307,67;208,74;234,185;440,81;290,645;299,73;289,74;450,81;430,255;315,66;272,69;417,085;325,015;284,46;388,04;668,16;352,135;389,22;331,37;526,16;NA;107;358,6;342,4;NA
"18-04-2016";NA;353,9;347;283;235;176;141;109;318,68;318,455;212,16;252,335;459,25;277,765;329,59;295,275;448,865;465,105;324,2;277,135;414,285;313,405;277,76;385;671,82;339,09;397,61;341,54;527,91;NA;109;353,9;343,2;NA
"19-04-2016";NA;347;345;283;237;173;142;111;328,04;321,38;218,26;265,165;457,38;261,495;350,34;301,11;455,845;494,745;299,89;277,785;400,6;299,43;278,47;387,98;666,17;331,785;390,68;357,38;539,57;NA;111;347;344,2;NA
"20-04-2016";NA;340,9;342;283;238;170;141;111;336,29;320,56;222,05;267,095;455,47;245,505;363,72;301,045;453,625;509,25;295,16;276,515;392,7;282,85;280,07;380,26;628,79;329,525;388,68;373,835;545,21;NA;111;342;342,9;NA
"21-04-2016";NA;335,3;338;280;240;166;139;112;342,04;315,03;224,7;261,95;464,7;238,185;370,1;300,57;444,52;502,395;302;278,38;391,52;274,825;283,01;374,28;579,76;324,1;382,07;377,355;543,96;NA;112;338;338,7;NA
"22-04-2016";NA;331,4;333;278;241;162;136;113;346,42;291,13;226,64;257,67;457,73;233,34;361,13;293,655;432,035;469,01;306,04;280,5;402,97;271,67;284,83;366,47;514,08;320,015;366,91;377,825;531,42;NA;113;333;334,3;NA
"23-04-2016";NA;325,2;330;277;239;158;136;113;344,99;274,47;229,65;249,265;451,92;230,25;364,32;288,005;410,395;441,91;311,49;279,38;400,61;282,41;294,38;363,62;465,53;314,36;352,43;371,085;517,94;NA;113;330;331,7;NA
"24-04-2016";NA;321,7;331;276;238;153;134;112;344,91;256,36;231,41;234,455;452,14;231,695;338,51;282,325;401,48;444,57;311,11;279,41;405,675;300,135;299,07;365,16;437,75;306,315;334,79;372,47;499,67;NA;112;331;331,2;NA
"25-04-2016";NA;317;331;273;236;147;132;109;334,16;259,34;231,82;219,86;457,7;232,41;331,31;277,935;399,525;448,525;313,445;277,675;402,43;319,2;306,86;364,43;427,43;302,88;330,32;378,305;490,49;NA;109;331;331;NA
"26-04-2016";NA;311;330;269;231;144;131;105;325,44;266,705;227,57;216,43;469,62;232,665;315,93;277,32;400,005;466,045;312,07;288,89;399,895;333,025;313,67;357,83;432,61;303,985;337,34;404,275;484,62;NA;105;330;331,7;NA
"27-04-2016";NA;304,3;327;261;230;146;128;102;313,53;263,445;229,46;213,525;475,84;232,11;306,5;283,18;396,06;469,025;307,37;299,75;395,42;343,16;312,93;350,37;441,75;298,52;346,59;409,77;475,25;NA;102;327;331,5;NA
"28-04-2016";NA;297,6;321;256;231;149;127;100;308,61;268,425;225,62;216,965;472,39;228,5;306,8;286,955;405,575;477,615;304,38;302,69;394,2;348,955;311,97;339;447,68;302,755;357,82;406,085;476,37;NA;100;321;329,7;NA
"29-04-2016";NA;294,8;318;253;232;151;126;99;298,89;272,745;227,83;220,165;429,81;226,66;322,62;293,285;418,235;495,4;316,205;300,865;389,34;349,42;310,32;333,44;446,51;306,255;362,77;398,895;481,2;NA;99;318;329,7;NA
"30-04-2016";NA;296,5;314;252;232;151;124;98;289,45;282,015;230,6;221,705;386,25;222,935;342,66;292,495;427,465;538,945;331,64;293,68;376,485;345,42;308,66;334,87;447,3;317,295;367,48;386,83;482,52;NA;98;314;329,3;NA
"01-05-2016";NA;302;313;252;232;152;124;97;277,43;285,33;236,01;223,355;349,21;220,53;358,25;291,3;429,35;556,94;362,265;286,48;358,35;336,435;307,35;336,73;428,48;325,805;369,58;367,47;471,68;NA;97;313;327,3;NA
"02-05-2016";NA;310,1;314;252;233;150;123;97;270,4;272,645;225,5;222,21;319,72;218,59;367,79;281,955;430,805;543,775;383,715;273,63;343,17;325,19;293,6;339,32;400,78;328,505;362,03;352,895;454,07;NA;97;314;NA;321,6
"03-05-2016";NA;314,4;316;253;233;150;124;99;266,95;252,56;214,17;222,29;305,35;213,08;371,72;271,64;430,5;521,555;395,765;268,595;334,66;313,27;282,1;347,15;363,14;334,565;347,87;337,885;428,68;NA;99;316;NA;315,5
"04-05-2016";NA;315,7;319;250;235;151;124;102;271,84;231,52;208,33;221,4;296,8;211,03;363,7;255,67;424,79;512,455;397,28;270,585;335,36;299,8;277,01;355,62;336,53;333,75;324,18;326,85;400,55;NA;102;319;NA;309,7
"05-05-2016";NA;317;321;248;238;154;125;105;273,57;213,29;199,11;218,615;304,88;207,46;360,15;232,115;421,085;526,37;384,325;262,65;329,115;291,32;275,79;360,15;324,93;327,455;312,65;320,11;380,52;NA;105;321;NA;303,6
"06-05-2016";NA;321,2;323;244;241;158;128;108;270,27;192,4;196,06;212,93;321,15;204,505;338,39;217,39;423,375;535,415;364,29;251,635;321,96;292,3;277,12;365,32;326,71;317,69;317,64;318,45;376,52;NA;108;323;NA;299,9
"07-05-2016";NA;323,3;326;239;247;161;132;112;278,69;182,875;193,09;211,465;330,18;198,65;323,57;209,39;422,695;529,205;354,635;250,535;320,62;297,12;272,52;371,53;339,7;311,31;321,09;315,275;371,61;NA;112;326;NA;297,5
"08-05-2016";NA;325,9;331;236;250;163;133;116;285,48;177,805;181,18;214,075;340,15;196,59;315,62;204,35;443,215;541,81;342,88;254,015;315,745;301,15;272,48;359,85;362,75;305,325;329,98;315,255;367,66;NA;116;331;NA;297
"09-05-2016";NA;326,2;336;237;251;164;131;118;289,58;176,38;179,51;217,995;348,51;197,335;309,98;204,075;455,885;543,06;337,07;253,8;313,895;304,53;271,39;355,2;390,86;301,315;334,55;320,675;369,12;NA;118;336;NA;298,1
"10-05-2016";NA;320,2;341;244;247;164;128;117;290,69;181,54;174,54;225,21;359,11;198,685;311,65;205,91;476,405;546,315;337,55;258,28;315,165;307,51;275,61;345,67;409,69;304,6;343,62;322,11;373;NA;117;341;NA;298,6
"11-05-2016";NA;315,5;344;250;244;165;125;114;293,47;198,365;155,13;236,435;372,25;205,545;310,85;208,395;494,59;549,635;329,17;264,775;317,52;306,225;280,76;337,43;424,15;312,535;351,49;319,8;383,76;NA;114;344;NA;301,9
"12-05-2016";NA;313,2;348;257;242;167;124;110;299,65;207,285;145,5;245,645;378,1;208,305;320,53;209,585;513,455;539,44;332,635;268,78;317,195;304,505;285,12;330,86;433,58;330,58;360,29;318,28;381,95;NA;110;348;NA;306
"13-05-2016";NA;314,4;351;265;237;172;126;107;298,8;217,81;146,77;254,765;381,26;209,405;322,55;210,64;519,105;535,405;333,025;266,385;312,76;300,41;289,46;324,42;437,28;347,12;368,24;326,075;374,5;NA;107;351;NA;306,7
"14-05-2016";NA;319,5;356;272;234;177;129;104;NA;NA;NA;NA;NA;NA;NA;NA;NA;NA;NA;NA;NA;NA;NA;NA;NA;NA;NA;NA;NA;NA;104;356;NA;NA
"15-05-2016";NA;322,9;360;277;231;183;133;103;NA;NA;NA;NA;NA;NA;NA;NA;NA;NA;NA;NA;NA;NA;NA;NA;NA;NA;NA;NA;NA;NA;103;360;NA;NA
"16-05-2016";NA;324,4;363;282;228;187;138;102;NA;NA;NA;NA;NA;NA;NA;NA;NA;NA;NA;NA;NA;NA;NA;NA;NA;NA;NA;NA;NA;NA;102;363;NA;NA
"17-05-2016";NA;326,3;364;286;227;189;142;103;NA;NA;NA;NA;NA;NA;NA;NA;NA;NA;NA;NA;NA;NA;NA;NA;NA;NA;NA;NA;NA;NA;103;364;NA;NA
"18-05-2016";NA;328,4;360;286;226;186;144;103;NA;NA;NA;NA;NA;NA;NA;NA;NA;NA;NA;NA;NA;NA;NA;NA;NA;NA;NA;NA;NA;NA;103;360;NA;NA
"19-05-2016";NA;328,8;360;290;227;184;146;103;NA;NA;NA;NA;NA;NA;NA;NA;NA;NA;NA;NA;NA;NA;NA;NA;NA;NA;NA;NA;NA;NA;103;360;NA;NA
"20-05-2016";NA;330,4;358;296;230;179;145;102;NA;NA;NA;NA;NA;NA;NA;NA;NA;NA;NA;NA;NA;NA;NA;NA;NA;NA;NA;NA;NA;NA;102;358;NA;NA
"21-05-2016";NA;332,2;356;301;234;173;143;102;NA;NA;NA;NA;NA;NA;NA;NA;NA;NA;NA;NA;NA;NA;NA;NA;NA;NA;NA;NA;NA;NA;102;356;NA;NA
"22-05-2016";NA;335,3;355;308;234;165;140;102;NA;NA;NA;NA;NA;NA;NA;NA;NA;NA;NA;NA;NA;NA;NA;NA;NA;NA;NA;NA;NA;NA;102;355;NA;NA
"23-05-2016";NA;337,5;356;316;233;157;136;101;NA;NA;NA;NA;NA;NA;NA;NA;NA;NA;NA;NA;NA;NA;NA;NA;NA;NA;NA;NA;NA;NA;101;356;NA;NA
"24-05-2016";NA;338,7;354;317;229;151;127;100;NA;NA;NA;NA;NA;NA;NA;NA;NA;NA;NA;NA;NA;NA;NA;NA;NA;NA;NA;NA;NA;NA;100;354;NA;NA
"25-05-2016";NA;338,6;348;317;224;149;120;99;NA;NA;NA;NA;NA;NA;NA;NA;NA;NA;NA;NA;NA;NA;NA;NA;NA;NA;NA;NA;NA;NA;99;348;NA;NA
"26-05-2016";NA;337,1;340;316;219;148;117;98;NA;NA;NA;NA;NA;NA;NA;NA;NA;NA;NA;NA;NA;NA;NA;NA;NA;NA;NA;NA;NA;NA;98;340;NA;NA
"27-05-2016";NA;334,4;332;314;212;149;116;97;NA;NA;NA;NA;NA;NA;NA;NA;NA;NA;NA;NA;NA;NA;NA;NA;NA;NA;NA;NA;NA;NA;97;334,4;NA;NA
"28-05-2016";NA;331,5;324;313;203;149;117;97;NA;NA;NA;NA;NA;NA;NA;NA;NA;NA;NA;NA;NA;NA;NA;NA;NA;NA;NA;NA;NA;NA;97;331,5;NA;NA
"29-05-2016";NA;333,2;320;312;196;149;120;98;NA;NA;NA;NA;NA;NA;NA;NA;NA;NA;NA;NA;NA;NA;NA;NA;NA;NA;NA;NA;NA;NA;98;333,2;NA;NA
"30-05-2016";NA;335;320;314;193;147;120;99;NA;NA;NA;NA;NA;NA;NA;NA;NA;NA;NA;NA;NA;NA;NA;NA;NA;NA;NA;NA;NA;NA;99;335;NA;NA
"31-05-2016";NA;334;324;312;194;144;119;99;NA;NA;NA;NA;NA;NA;NA;NA;NA;NA;NA;NA;NA;NA;NA;NA;NA;NA;NA;NA;NA;NA;99;334;NA;NA
"01-06-2016";NA;334,2;325;312;197;143;120;99;NA;NA;NA;NA;NA;NA;NA;NA;NA;NA;NA;NA;NA;NA;NA;NA;NA;NA;NA;NA;NA;NA;99;334,2;NA;NA
"02-06-2016";NA;333,4;329;307;200;141;119;99;NA;NA;NA;NA;NA;NA;NA;NA;NA;NA;NA;NA;NA;NA;NA;NA;NA;NA;NA;NA;NA;NA;99;333,4;NA;NA
"03-06-2016";NA;332;333;302;201;139;120;99;NA;NA;NA;NA;NA;NA;NA;NA;NA;NA;NA;NA;NA;NA;NA;NA;NA;NA;NA;NA;NA;NA;99;333;NA;NA
"04-06-2016";NA;331,3;334;296;201;137;122;98;NA;NA;NA;NA;NA;NA;NA;NA;NA;NA;NA;NA;NA;NA;NA;NA;NA;NA;NA;NA;NA;NA;98;334;NA;NA
"05-06-2016";NA;330,4;335;290;199;138;124;99;NA;NA;NA;NA;NA;NA;NA;NA;NA;NA;NA;NA;NA;NA;NA;NA;NA;NA;NA;NA;NA;NA;99;335;NA;NA
"06-06-2016";NA;328;332;287;201;139;127;100;NA;NA;NA;NA;NA;NA;NA;NA;NA;NA;NA;NA;NA;NA;NA;NA;NA;NA;NA;NA;NA;NA;100;332;NA;NA
"07-06-2016";NA;325,7;330;286;204;141;127;100;NA;NA;NA;NA;NA;NA;NA;NA;NA;NA;NA;NA;NA;NA;NA;NA;NA;NA;NA;NA;NA;NA;100;330;NA;NA
"08-06-2016";NA;324,8;328;287;206;144;125;100;NA;NA;NA;NA;NA;NA;NA;NA;NA;NA;NA;NA;NA;NA;NA;NA;NA;NA;NA;NA;NA;NA;100;328;NA;NA
"09-06-2016";NA;323,2;327;288;209;146;125;100;NA;NA;NA;NA;NA;NA;NA;NA;NA;NA;NA;NA;NA;NA;NA;NA;NA;NA;NA;NA;NA;NA;100;327;NA;NA
"10-06-2016";NA;323,1;325;287;211;150;126;100;NA;NA;NA;NA;NA;NA;NA;NA;NA;NA;NA;NA;NA;NA;NA;NA;NA;NA;NA;NA;NA;NA;100;325;NA;NA
"11-06-2016";NA;321,7;325;287;211;153;128;99;NA;NA;NA;NA;NA;NA;NA;NA;NA;NA;NA;NA;NA;NA;NA;NA;NA;NA;NA;NA;NA;NA;99;325;NA;NA
"12-06-2016";NA;319,5;327;287;211;158;130;95;NA;NA;NA;NA;NA;NA;NA;NA;NA;NA;NA;NA;NA;NA;NA;NA;NA;NA;NA;NA;NA;NA;95;327;NA;NA
"13-06-2016";NA;317,9;325;285;210;165;131;92;NA;NA;NA;NA;NA;NA;NA;NA;NA;NA;NA;NA;NA;NA;NA;NA;NA;NA;NA;NA;NA;NA;92;325;NA;NA
"14-06-2016";NA;313,2;322;284;210;170;130;91;NA;NA;NA;NA;NA;NA;NA;NA;NA;NA;NA;NA;NA;NA;NA;NA;NA;NA;NA;NA;NA;NA;91;322;NA;NA
"15-06-2016";NA;307,4;316;281;211;174;131;89;NA;NA;NA;NA;NA;NA;NA;NA;NA;NA;NA;NA;NA;NA;NA;NA;NA;NA;NA;NA;NA;NA;89;316;NA;NA
"16-06-2016";NA;300,7;310;276;215;179;131;89;NA;NA;NA;NA;NA;NA;NA;NA;NA;NA;NA;NA;NA;NA;NA;NA;NA;NA;NA;NA;NA;NA;89;310;NA;NA
"17-06-2016";NA;296,3;300;270;217;180;134;91;NA;NA;NA;NA;NA;NA;NA;NA;NA;NA;NA;NA;NA;NA;NA;NA;NA;NA;NA;NA;NA;NA;91;300;NA;NA
"18-06-2016";NA;295,1;294;265;217;179;136;93;NA;NA;NA;NA;NA;NA;NA;NA;NA;NA;NA;NA;NA;NA;NA;NA;NA;NA;NA;NA;NA;NA;93;295,1;NA;NA
"19-06-2016";NA;298,1;289;261;218;176;137;95;NA;NA;NA;NA;NA;NA;NA;NA;NA;NA;NA;NA;NA;NA;NA;NA;NA;NA;NA;NA;NA;NA;95;298,1;NA;NA
"20-06-2016";NA;300,2;285;257;220;175;139;97;NA;NA;NA;NA;NA;NA;NA;NA;NA;NA;NA;NA;NA;NA;NA;NA;NA;NA;NA;NA;NA;NA;97;300,2;NA;NA
"21-06-2016";NA;298,9;279;256;220;172;141;100;NA;NA;NA;NA;NA;NA;NA;NA;NA;NA;NA;NA;NA;NA;NA;NA;NA;NA;NA;NA;NA;NA;100;298,9;NA;NA
"22-06-2016";NA;298,8;272;257;219;169;140;101;NA;NA;NA;NA;NA;NA;NA;NA;NA;NA;NA;NA;NA;NA;NA;NA;NA;NA;NA;NA;NA;NA;101;298,8;NA;NA
"23-06-2016";NA;296,6;265;255;217;167;138;102;NA;NA;NA;NA;NA;NA;NA;NA;NA;NA;NA;NA;NA;NA;NA;NA;NA;NA;NA;NA;NA;NA;102;296,6;NA;NA
"24-06-2016";NA;295,2;259;253;216;167;137;103;NA;NA;NA;NA;NA;NA;NA;NA;NA;NA;NA;NA;NA;NA;NA;NA;NA;NA;NA;NA;NA;NA;103;295,2;NA;NA
"25-06-2016";NA;292;256;250;213;171;136;103;NA;NA;NA;NA;NA;NA;NA;NA;NA;NA;NA;NA;NA;NA;NA;NA;NA;NA;NA;NA;NA;NA;103;292;NA;NA
"26-06-2016";NA;290,9;257;247;209;173;134;103;NA;NA;NA;NA;NA;NA;NA;NA;NA;NA;NA;NA;NA;NA;NA;NA;NA;NA;NA;NA;NA;NA;103;290,9;NA;NA
"27-06-2016";NA;289,7;259;246;208;172;133;101;NA;NA;NA;NA;NA;NA;NA;NA;NA;NA;NA;NA;NA;NA;NA;NA;NA;NA;NA;NA;NA;NA;101;289,7;NA;NA
"28-06-2016";NA;285,4;261;246;207;170;132;101;NA;NA;NA;NA;NA;NA;NA;NA;NA;NA;NA;NA;NA;NA;NA;NA;NA;NA;NA;NA;NA;NA;101;285,4;NA;NA
"29-06-2016";NA;277,9;263;244;207;169;130;101;NA;NA;NA;NA;NA;NA;NA;NA;NA;NA;NA;NA;NA;NA;NA;NA;NA;NA;NA;NA;NA;NA;101;277,9;NA;NA
"30-06-2016";NA;269,7;262;243;209;166;129;101;NA;NA;NA;NA;NA;NA;NA;NA;NA;NA;NA;NA;NA;NA;NA;NA;NA;NA;NA;NA;NA;NA;101;269,7;NA;NA
"01-07-2016";NA;266,2;260;241;210;162;129;100;NA;NA;NA;NA;NA;NA;NA;NA;NA;NA;NA;NA;NA;NA;NA;NA;NA;NA;NA;NA;NA;NA;100;266,2;NA;NA
"02-07-2016";NA;262,7;258;241;211;159;130;101;NA;NA;NA;NA;NA;NA;NA;NA;NA;NA;NA;NA;NA;NA;NA;NA;NA;NA;NA;NA;NA;NA;101;262,7;NA;NA
"03-07-2016";NA;260,6;258;241;212;157;130;101;NA;NA;NA;NA;NA;NA;NA;NA;NA;NA;NA;NA;NA;NA;NA;NA;NA;NA;NA;NA;NA;NA;101;260,6;NA;NA
"04-07-2016";NA;257,5;257;240;212;154;128;101;NA;NA;NA;NA;NA;NA;NA;NA;NA;NA;NA;NA;NA;NA;NA;NA;NA;NA;NA;NA;NA;NA;101;257,5;NA;NA
"05-07-2016";NA;252,7;258;236;213;152;125;101;NA;NA;NA;NA;NA;NA;NA;NA;NA;NA;NA;NA;NA;NA;NA;NA;NA;NA;NA;NA;NA;NA;101;258;NA;NA
"06-07-2016";NA;248,9;260;230;214;151;122;99;NA;NA;NA;NA;NA;NA;NA;NA;NA;NA;NA;NA;NA;NA;NA;NA;NA;NA;NA;NA;NA;NA;99;260;NA;NA
"07-07-2016";NA;245,4;259;226;216;150;119;97;NA;NA;NA;NA;NA;NA;NA;NA;NA;NA;NA;NA;NA;NA;NA;NA;NA;NA;NA;NA;NA;NA;97;259;NA;NA
"08-07-2016";NA;241,2;261;222;216;148;120;95;NA;NA;NA;NA;NA;NA;NA;NA;NA;NA;NA;NA;NA;NA;NA;NA;NA;NA;NA;NA;NA;NA;95;261;NA;NA
"09-07-2016";NA;236,1;260;218;214;149;119;95;NA;NA;NA;NA;NA;NA;NA;NA;NA;NA;NA;NA;NA;NA;NA;NA;NA;NA;NA;NA;NA;NA;95;260;NA;NA
"10-07-2016";NA;232,4;264;217;213;150;116;93;NA;NA;NA;NA;NA;NA;NA;NA;NA;NA;NA;NA;NA;NA;NA;NA;NA;NA;NA;NA;NA;NA;93;264;NA;NA
"11-07-2016";NA;230,6;266;217;213;151;113;92;NA;NA;NA;NA;NA;NA;NA;NA;NA;NA;NA;NA;NA;NA;NA;NA;NA;NA;NA;NA;NA;NA;92;266;NA;NA
"12-07-2016";NA;226,9;268;217;215;152;109;94;NA;NA;NA;NA;NA;NA;NA;NA;NA;NA;NA;NA;NA;NA;NA;NA;NA;NA;NA;NA;NA;NA;94;268;NA;NA
"13-07-2016";NA;224,7;270;218;219;152;105;95;NA;NA;NA;NA;NA;NA;NA;NA;NA;NA;NA;NA;NA;NA;NA;NA;NA;NA;NA;NA;NA;NA;95;270;NA;NA
"14-07-2016";NA;223,5;274;217;225;153;104;95;NA;NA;NA;NA;NA;NA;NA;NA;NA;NA;NA;NA;NA;NA;NA;NA;NA;NA;NA;NA;NA;NA;95;274;NA;NA
"15-07-2016";NA;224,8;277;215;227;155;105;94;NA;NA;NA;NA;NA;NA;NA;NA;NA;NA;NA;NA;NA;NA;NA;NA;NA;NA;NA;NA;NA;NA;94;277;NA;NA
"16-07-2016";NA;226;284;212;228;156;107;93;NA;NA;NA;NA;NA;NA;NA;NA;NA;NA;NA;NA;NA;NA;NA;NA;NA;NA;NA;NA;NA;NA;93;284;NA;NA
"17-07-2016";NA;226,6;292;211;228;157;109;93;NA;NA;NA;NA;NA;NA;NA;NA;NA;NA;NA;NA;NA;NA;NA;NA;NA;NA;NA;NA;NA;NA;93;292;NA;NA
"18-07-2016";NA;229,3;299;210;227;159;110;94;NA;NA;NA;NA;NA;NA;NA;NA;NA;NA;NA;NA;NA;NA;NA;NA;NA;NA;NA;NA;NA;NA;94;299;NA;NA
"19-07-2016";NA;231,9;305;209;226;162;110;93;NA;NA;NA;NA;NA;NA;NA;NA;NA;NA;NA;NA;NA;NA;NA;NA;NA;NA;NA;NA;NA;NA;93;305;NA;NA
"20-07-2016";NA;233,6;310;207;228;167;111;94;NA;NA;NA;NA;NA;NA;NA;NA;NA;NA;NA;NA;NA;NA;NA;NA;NA;NA;NA;NA;NA;NA;94;310;NA;NA
"21-07-2016";NA;237;315;205;230;173;113;93;NA;NA;NA;NA;NA;NA;NA;NA;NA;NA;NA;NA;NA;NA;NA;NA;NA;NA;NA;NA;NA;NA;93;315;NA;NA
"22-07-2016";NA;242,3;316;204;230;179;116;92;NA;NA;NA;NA;NA;NA;NA;NA;NA;NA;NA;NA;NA;NA;NA;NA;NA;NA;NA;NA;NA;NA;92;316;NA;NA
"23-07-2016";NA;249,4;316;208;228;185;118;91;NA;NA;NA;NA;NA;NA;NA;NA;NA;NA;NA;NA;NA;NA;NA;NA;NA;NA;NA;NA;NA;NA;91;316;NA;NA
"24-07-2016";NA;255,9;313;208;229;191;120;91;NA;NA;NA;NA;NA;NA;NA;NA;NA;NA;NA;NA;NA;NA;NA;NA;NA;NA;NA;NA;NA;NA;91;313;NA;NA
"25-07-2016";NA;260,1;306;205;230;196;121;92;NA;NA;NA;NA;NA;NA;NA;NA;NA;NA;NA;NA;NA;NA;NA;NA;NA;NA;NA;NA;NA;NA;92;306;NA;NA
"26-07-2016";NA;262,6;300;203;230;198;121;96;NA;NA;NA;NA;NA;NA;NA;NA;NA;NA;NA;NA;NA;NA;NA;NA;NA;NA;NA;NA;NA;NA;96;300;NA;NA
"27-07-2016";NA;263,1;292;200;230;195;121;100;NA;NA;NA;NA;NA;NA;NA;NA;NA;NA;NA;NA;NA;NA;NA;NA;NA;NA;NA;NA;NA;NA;100;292;NA;NA
"28-07-2016";NA;262,4;284;197;229;190;121;102;NA;NA;NA;NA;NA;NA;NA;NA;NA;NA;NA;NA;NA;NA;NA;NA;NA;NA;NA;NA;NA;NA;102;284;NA;NA
"29-07-2016";NA;263,3;280;195;226;188;119;104;NA;NA;NA;NA;NA;NA;NA;NA;NA;NA;NA;NA;NA;NA;NA;NA;NA;NA;NA;NA;NA;NA;104;280;NA;NA
"30-07-2016";NA;266,5;278;196;221;187;117;107;NA;NA;NA;NA;NA;NA;NA;NA;NA;NA;NA;NA;NA;NA;NA;NA;NA;NA;NA;NA;NA;NA;107;278;NA;NA
"31-07-2016";NA;273,1;278;194;217;188;116;110;NA;NA;NA;NA;NA;NA;NA;NA;NA;NA;NA;NA;NA;NA;NA;NA;NA;NA;NA;NA;NA;NA;110;278;NA;NA
"01-08-2016";NA;276,5;282;192;213;190;116;111;NA;NA;NA;NA;NA;NA;NA;NA;NA;NA;NA;NA;NA;NA;NA;NA;NA;NA;NA;NA;NA;NA;111;282;NA;NA
"02-08-2016";NA;278,3;287;189;212;191;116;112;NA;NA;NA;NA;NA;NA;NA;NA;NA;NA;NA;NA;NA;NA;NA;NA;NA;NA;NA;NA;NA;NA;112;287;NA;NA
"03-08-2016";NA;280,9;293;188;212;195;119;114;NA;NA;NA;NA;NA;NA;NA;NA;NA;NA;NA;NA;NA;NA;NA;NA;NA;NA;NA;NA;NA;NA;114;293;NA;NA
"04-08-2016";NA;281,3;297;187;211;199;124;114;NA;NA;NA;NA;NA;NA;NA;NA;NA;NA;NA;NA;NA;NA;NA;NA;NA;NA;NA;NA;NA;NA;114;297;NA;NA
"05-08-2016";NA;282,1;299;184;210;205;132;114;NA;NA;NA;NA;NA;NA;NA;NA;NA;NA;NA;NA;NA;NA;NA;NA;NA;NA;NA;NA;NA;NA;114;299;NA;NA
"06-08-2016";NA;283,7;299;182;209;208;139;116;NA;NA;NA;NA;NA;NA;NA;NA;NA;NA;NA;NA;NA;NA;NA;NA;NA;NA;NA;NA;NA;NA;116;299;NA;NA
"07-08-2016";NA;286,5;300;181;212;209;145;119;NA;NA;NA;NA;NA;NA;NA;NA;NA;NA;NA;NA;NA;NA;NA;NA;NA;NA;NA;NA;NA;NA;119;300;NA;NA
"08-08-2016";NA;286,3;303;184;215;205;153;121;NA;NA;NA;NA;NA;NA;NA;NA;NA;NA;NA;NA;NA;NA;NA;NA;NA;NA;NA;NA;NA;NA;121;303;NA;NA
"09-08-2016";NA;289,3;306;191;221;199;158;122;NA;NA;NA;NA;NA;NA;NA;NA;NA;NA;NA;NA;NA;NA;NA;NA;NA;NA;NA;NA;NA;NA;122;306;NA;NA
"10-08-2016";NA;293,7;307;195;227;196;162;124;NA;NA;NA;NA;NA;NA;NA;NA;NA;NA;NA;NA;NA;NA;NA;NA;NA;NA;NA;NA;NA;NA;124;307;NA;NA
"11-08-2016";NA;297,9;306;200;232;197;164;126;NA;NA;NA;NA;NA;NA;NA;NA;NA;NA;NA;NA;NA;NA;NA;NA;NA;NA;NA;NA;NA;NA;126;306;NA;NA
"12-08-2016";NA;305,1;304;204;235;200;165;130;NA;NA;NA;NA;NA;NA;NA;NA;NA;NA;NA;NA;NA;NA;NA;NA;NA;NA;NA;NA;NA;NA;130;305,1;NA;NA
"13-08-2016";NA;312,2;304;208;234;203;168;136;NA;NA;NA;NA;NA;NA;NA;NA;NA;NA;NA;NA;NA;NA;NA;NA;NA;NA;NA;NA;NA;NA;136;312,2;NA;NA
"14-08-2016";NA;319,6;307;216;231;206;171;141;NA;NA;NA;NA;NA;NA;NA;NA;NA;NA;NA;NA;NA;NA;NA;NA;NA;NA;NA;NA;NA;NA;141;319,6;NA;NA
"15-08-2016";NA;326,8;315;224;229;208;172;144;NA;NA;NA;NA;NA;NA;NA;NA;NA;NA;NA;NA;NA;NA;NA;NA;NA;NA;NA;NA;NA;NA;144;326,8;NA;NA
"16-08-2016";NA;332,1;325;232;228;211;174;145;NA;NA;NA;NA;NA;NA;NA;NA;NA;NA;NA;NA;NA;NA;NA;NA;NA;NA;NA;NA;NA;NA;145;332,1;NA;NA
"17-08-2016";NA;333,7;334;243;228;216;176;142;NA;NA;NA;NA;NA;NA;NA;NA;NA;NA;NA;NA;NA;NA;NA;NA;NA;NA;NA;NA;NA;NA;142;334;NA;NA
"18-08-2016";NA;335;344;251;229;220;176;140;NA;NA;NA;NA;NA;NA;NA;NA;NA;NA;NA;NA;NA;NA;NA;NA;NA;NA;NA;NA;NA;NA;140;344;NA;NA
"19-08-2016";NA;338,6;351;256;228;221;178;137;NA;NA;NA;NA;NA;NA;NA;NA;NA;NA;NA;NA;NA;NA;NA;NA;NA;NA;NA;NA;NA;NA;137;351;NA;NA
"20-08-2016";NA;346,2;357;262;226;220;181;133;NA;NA;NA;NA;NA;NA;NA;NA;NA;NA;NA;NA;NA;NA;NA;NA;NA;NA;NA;NA;NA;NA;133;357;NA;NA
"21-08-2016";NA;353,9;363;269;224;219;183;130;NA;NA;NA;NA;NA;NA;NA;NA;NA;NA;NA;NA;NA;NA;NA;NA;NA;NA;NA;NA;NA;NA;130;363;NA;NA
"22-08-2016";NA;361,2;369;275;222;218;186;129;NA;NA;NA;NA;NA;NA;NA;NA;NA;NA;NA;NA;NA;NA;NA;NA;NA;NA;NA;NA;NA;NA;129;369;NA;NA
"23-08-2016";NA;366,3;378;280;220;217;188;130;NA;NA;NA;NA;NA;NA;NA;NA;NA;NA;NA;NA;NA;NA;NA;NA;NA;NA;NA;NA;NA;NA;130;378;NA;NA
"24-08-2016";NA;370,5;387;286;220;215;189;133;NA;NA;NA;NA;NA;NA;NA;NA;NA;NA;NA;NA;NA;NA;NA;NA;NA;NA;NA;NA;NA;NA;133;387;NA;NA
"25-08-2016";NA;376,2;397;290;220;214;187;137;NA;NA;NA;NA;NA;NA;NA;NA;NA;NA;NA;NA;NA;NA;NA;NA;NA;NA;NA;NA;NA;NA;137;397;NA;NA
"26-08-2016";NA;378,6;408;291;222;216;188;141;NA;NA;NA;NA;NA;NA;NA;NA;NA;NA;NA;NA;NA;NA;NA;NA;NA;NA;NA;NA;NA;NA;141;408;NA;NA
"27-08-2016";NA;380,8;417;294;225;218;190;144;NA;NA;NA;NA;NA;NA;NA;NA;NA;NA;NA;NA;NA;NA;NA;NA;NA;NA;NA;NA;NA;NA;144;417;NA;NA
"28-08-2016";NA;382,8;423;298;225;217;192;147;NA;NA;NA;NA;NA;NA;NA;NA;NA;NA;NA;NA;NA;NA;NA;NA;NA;NA;NA;NA;NA;NA;147;423;NA;NA
"29-08-2016";NA;382,5;426;305;226;216;194;148;NA;NA;NA;NA;NA;NA;NA;NA;NA;NA;NA;NA;NA;NA;NA;NA;NA;NA;NA;NA;NA;NA;148;426;NA;NA
"30-08-2016";NA;382,8;423;308;229;215;194;147;NA;NA;NA;NA;NA;NA;NA;NA;NA;NA;NA;NA;NA;NA;NA;NA;NA;NA;NA;NA;NA;NA;147;423;NA;NA
"31-08-2016";NA;379,2;415;312;235;216;194;148;NA;NA;NA;NA;NA;NA;NA;NA;NA;NA;NA;NA;NA;NA;NA;NA;NA;NA;NA;NA;NA;NA;148;415;NA;NA
