identifiantEleve;CG101;CG102;CG104;CG107;CG109;CG110;CG111;CG112;CG113;CG114;CG115;CG116;CG117;CG118;CG119;CG120;CG122;CG124;CG103;CG105;CG106;CG108;CG121;CG123;scoreLSE;sexe;retard;immig;pcspere;pcsmere;numero_u;acad;secteur;secteur_EP;scale111i;score111i
CG10020467X3031;1;1;1;1;0;1;1;0;0;1;1;1;1;1;0;1;1;1;1;1;1;0;1;1;19;2;2;1;4;4;0020467X;20;pr;pr;0,53409;270,2324581
CG10020467X3042;0;1;1;0;0;0;0;1;0;0;1;1;1;0;0;1;0;1;1;1;1;0;0;0;11;1;1;1;2;5;0020467X;20;pr;pr;-0,521599;222,9029684
CG10020467X3062;1;1;0;1;0;0;1;1;1;0;1;0;1;0;0;0;0;1;0;1;1;1;0;0;12;1;2;1;1;3;0020467X;20;pr;pr;0,268444;258,3228051
CG10020467X3122;1;1;0;1;1;1;1;1;1;1;1;1;1;1;0;1;1;1;1;1;1;1;1;1;22;2;2;1;5;5;0020467X;20;pr;pr;1,579256;317,0901722
CG10021826Z3071;0;0;1;0;1;1;1;1;1;1;1;0;0;;;;;;1;1;0;1;;;11;2;2;1;6;5;0021826Z;20;pu;ep;-0,526571;222,6800597
CG10021826Z3131;1;1;1;1;1;1;1;1;1;1;1;1;1;1;1;1;1;1;1;1;1;0;1;1;23;2;2;1;3;7;0021826Z;20;pu;ep;1,740013;324,297358
CG10021826Z3151;1;1;1;1;1;1;1;0;1;1;1;0;0;;;;;;1;1;1;1;;;14;2;1;1;5;7;0021826Z;20;pu;ep;-0,077311;242,8216417
CG10021826Z3171;1;0;1;1;0;1;1;1;0;1;1;1;;;;;;;1;1;1;1;;;13;1;1;1;;7;0021826Z;20;pu;ep;-0,965764;202,9898095
CG10021826Z3231;0;0;1;1;1;1;0;1;0;0;1;1;1;0;0;1;;;1;1;1;1;1;;14;2;2;1;6;4;0021826Z;20;pu;ep;-0,124357;240,712438
CG10021826Z3271;1;1;0;1;0;1;1;0;1;1;0;0;1;1;0;1;0;;1;1;1;1;1;0;15;1;2;1;4;7;0021826Z;20;pu;ep;-1,205875;192,224962
CG10030021G3031;1;1;0;1;1;1;1;1;1;1;1;1;1;0;0;1;0;0;1;1;0;0;1;1;17;2;2;1;;;0030021G;6;pu;ep;0,45812;266,8265105
CG10030021G3171;1;0;1;1;1;0;1;0;1;1;1;0;0;0;0;0;0;0;1;1;0;1;0;0;11;1;2;1;;;0030021G;6;pu;ep;-1,946551;159,0183859
CG10030021G3231;0;0;0;1;1;0;0;1;1;1;1;0;1;0;0;0;0;0;0;1;1;1;1;0;11;2;1;2;;;0030021G;6;pu;ep;-0,619766;218,5018673
CG10030021G3271;0;0;0;1;1;0;0;0;0;0;0;0;0;0;0;0;0;0;0;1;1;0;0;0;4;1;1;1;;;0030021G;6;pu;ep;-1,606647;174,2572327
CG10030035X3111;1;1;1;1;1;1;1;1;1;1;1;1;1;1;0;1;1;1;1;1;1;1;1;1;23;2;2;1;3;3;0030035X;6;pu;pu;2,391361;353,4991101
CG10030035X3151;1;0;1;1;1;1;1;1;1;1;1;1;1;0;0;1;1;1;1;1;1;1;1;1;21;2;1;2;1;7;0030035X;6;pu;pu;0,362095;262,5214413
CG10030035X3191;1;1;0;1;1;0;0;1;1;1;1;1;1;0;0;1;0;1;0;1;1;1;1;1;17;2;1;1;1;1;0030035X;6;pu;pu;-0,776425;211,4784063
CG10030035X3211;0;1;0;1;0;0;0;1;0;1;1;0;0;0;0;0;0;1;1;0;1;0;0;0;8;1;1;1;1;6;0030035X;6;pu;pu;-2,081444;152,9707556
CG10030035X3231;1;1;1;0;1;1;1;1;1;1;1;0;1;0;1;1;1;1;1;1;1;1;1;1;21;2;2;1;1;5;0030035X;6;pu;pu;1,593242;317,7172037
CG10061130W3031;1;1;1;0;1;1;1;1;1;1;1;1;1;0;0;0;0;0;1;1;1;1;1;1;18;1;2;1;4;7;0061130W;23;pu;ep;1,145763;297,6554689
CG10061130W3251;0;0;0;0;0;0;0;0;0;1;1;0;0;0;0;0;0;1;0;1;0;0;1;0;5;2;1;1;4;;0061130W;23;pu;ep;-1,502871;178,9098009
CG10061461F3071;1;0;0;0;1;0;0;1;1;0;1;0;1;1;0;1;0;0;0;0;1;1;0;0;10;1;2;1;7;3;0061461F;23;pr;pr;-1,181453;193,3198686
CG10061461F3091;1;0;1;1;1;1;0;1;1;0;1;1;1;0;0;0;0;0;1;1;1;1;1;0;15;2;2;1;4;4;0061461F;23;pr;pr;0,144112;252,7486539
CG10061461F3111;1;0;1;1;1;1;0;1;1;0;1;1;1;1;0;0;0;0;0;1;1;1;1;0;15;1;2;1;3;3;0061461F;23;pr;pr;1,20138;300,1489346
CG10061461F3231;1;1;1;1;0;1;0;1;0;0;1;0;0;0;0;0;0;1;1;1;1;1;0;0;12;2;2;1;3;4;0061461F;23;pr;pr;-0,414174;227,7191315
CG10061461F3291;1;0;1;1;0;1;1;1;1;1;1;1;1;0;0;0;0;0;1;1;1;0;1;1;16;1;2;1;;4;0061461F;23;pr;pr;-0,775472;211,5211319
CG10070006U3031;1;0;0;1;1;0;1;1;1;1;1;1;1;1;0;1;1;1;1;1;1;1;1;1;20;2;2;1;2;4;0070006U;8;pu;ep;1,120536;296,524472
CG10070006U3231;1;1;0;1;0;1;0;0;0;0;1;0;1;0;0;0;0;0;0;1;1;1;0;0;9;1;1;1;3;5;0070006U;8;pu;ep;0,300986;259,781754
CG10070006U3251;1;1;1;1;1;1;0;1;1;1;0;1;1;0;1;1;0;1;1;1;1;1;1;1;20;2;2;1;4;4;0070006U;8;pu;ep;1,648196;320,1809452
CG10070017F3091;1;0;1;1;1;1;1;1;1;0;1;0;1;0;0;0;0;1;1;1;1;0;0;0;14;1;2;1;;;0070017F;8;pu;ep;-0,03595;244,675971
CG10070017F3111;1;1;1;1;1;1;1;1;1;1;0;1;1;1;1;1;1;1;1;1;1;1;1;0;22;2;2;1;;;0070017F;8;pu;ep;1,330887;305,9550955
CG10070017F3131;1;1;1;1;1;1;1;1;1;1;1;0;1;0;0;0;0;0;1;1;1;1;0;0;16;1;1;1;;;0070017F;8;pu;ep;-0,597143;219,5161196
CG10070017F3191;1;0;0;1;1;1;1;1;1;1;1;1;1;1;1;0;1;;1;1;1;0;1;;18;1;2;1;2;4;0070017F;8;pu;ep;0,738502;279,3968196
CG10070017F3231;1;0;1;1;1;1;1;1;1;1;1;1;1;1;1;1;1;1;1;1;1;1;1;1;23;2;2;1;;;0070017F;8;pu;ep;2,491832;358,0035059
CG10070017F3251;1;1;1;1;1;1;1;1;1;1;1;0;1;1;0;1;0;1;1;1;1;0;0;1;19;;;;;;;;;;;
CG10071192H3031;1;1;0;1;1;1;1;1;1;1;1;1;1;1;1;0;0;1;1;1;1;1;1;1;21;2;2;1;1;4;0071192H;8;pr;pr;1,431006;310,4437102
CG10071192H3271;0;0;0;1;1;0;1;1;1;1;1;0;1;1;0;1;0;0;0;1;1;0;1;1;14;1;1;1;5;4;0071192H;8;pr;pr;0,050879;248,5687578
CG10071192H3291;1;1;0;1;1;1;1;1;1;1;1;0;1;1;0;0;0;1;1;1;1;0;0;1;17;1;2;1;5;4;0071192H;8;pr;pr;0,626157;274,3600791
CG10080105W3071;1;0;1;1;0;1;1;1;0;1;1;1;1;0;0;0;1;1;1;1;1;0;0;1;16;1;2;1;6;7;0080105W;19;pu;ep;-0,177576;238,3264814
CG10080105W3251;0;0;1;1;1;0;1;0;0;1;1;0;0;0;0;0;0;0;1;1;1;0;0;0;9;1;2;1;6;7;0080105W;19;pu;ep;-0,91396;205,3123277
CG10110010B3071;1;0;1;1;1;1;1;1;1;1;1;1;0;1;0;1;0;;1;1;1;1;1;1;19;1;2;1;;;0110010B;11;pu;pu;-0,585855;220,0221922
CG10110010B3151;1;0;1;1;0;1;1;1;1;0;1;1;1;1;0;1;1;;1;1;0;0;1;;16;1;2;1;5;7;0110010B;11;pu;pu;-1,038482;199,7296582
CG10110010B3171;1;1;1;0;1;1;1;1;1;1;1;1;1;0;0;1;1;0;1;1;1;0;1;1;19;1;2;1;;;0110010B;11;pu;pu;-3,43218;92,41348391
CG10110010B3202;1;0;0;1;1;1;1;1;1;1;1;1;1;1;0;1;1;0;1;1;1;0;1;1;19;1;2;1;;;0110010B;11;pu;pu;-0,593502;219,6793558
CG10120101V3011;1;1;1;1;0;0;0;;;;;;;;;;;;1;1;1;1;;;8;1;2;1;;;0120101V;16;pu;pu;-0,228333;236,0509032
CG10120101V3031;1;1;0;1;0;0;1;0;1;1;0;1;1;1;0;0;0;0;1;1;1;1;1;1;15;2;2;1;;;0120101V;16;pu;pu;-0,760976;212,1710282
CG10120101V3091;1;1;1;1;1;1;1;1;1;1;1;1;1;1;1;1;1;1;1;1;1;1;1;0;23;2;1;1;;;0120101V;16;pu;pu;0,287873;259,1938615
CG10120101V3162;0;0;1;1;1;0;0;1;1;1;0;0;0;0;0;0;0;1;1;1;1;0;0;0;10;2;2;1;2;7;0120101V;16;pu;pu;-0,526172;222,697948
CG10120101V3182;1;1;0;1;1;1;1;1;1;1;1;0;1;1;0;1;1;0;1;1;1;1;1;1;20;1;2;1;;;0120101V;16;pu;pu;1,08306;294,8443181
CG10120101V3222;1;0;0;1;1;1;1;1;1;1;1;0;0;0;0;1;0;0;1;1;1;1;1;1;16;2;2;1;;;0120101V;16;pu;pu;0,461727;266,9882224
CG10130163G3042;1;0;1;1;1;0;0;1;1;1;1;1;1;0;0;1;0;1;1;1;1;0;0;0;15;2;1;1;;5;0130163G;2;pu;pu;0,589345;272,7096942
CG10130163G3062;1;1;1;1;1;1;1;0;1;1;1;1;1;1;0;0;;;1;1;1;1;1;;18;1;2;1;3;4;0130163G;2;pu;pu;1,394464;308,8054302
CG10130163G3251;1;1;0;1;1;0;0;1;1;1;0;1;1;1;0;1;0;0;0;1;1;0;1;1;15;1;2;1;2;5;0130163G;2;pu;pu;-1,151486;194,663373
CG10132402R3051;1;1;0;1;1;1;0;;;;;;;;;;;;1;1;1;0;;;8;2;2;1;;5;0132402R;2;pu;pu;-0,66085;216,6599567
CG10132402R3131;0;0;1;0;1;1;0;;;;;;;;;;;;1;1;1;0;;;6;1;1;1;3;3;0132402R;2;pu;pu;0,306482;260,028155
CG10132402R3162;0;0;0;0;1;0;0;1;0;1;0;0;0;0;0;0;0;1;0;1;0;0;1;0;6;1;1;1;;5;0132402R;2;pu;pu;-0,567849;220,8294516
CG10132402R3271;1;0;1;1;0;1;0;1;1;1;;;;;;;;;1;1;1;1;;;11;2;1;1;;3;0132402R;2;pu;pu;-0,43857;226,6253906
CG10132491M3131;1;0;0;1;1;0;0;1;0;1;1;0;1;0;0;0;0;0;0;1;1;0;1;1;11;2;2;1;7;7;0132491M;2;pu;pu;-1,443248;181,5828667
CG10132915Y3011;1;1;1;1;1;1;1;1;0;1;1;0;1;1;0;0;;;1;1;1;1;1;;17;1;1;1;5;5;0132915Y;2;pr;pr;-0,250616;235,051894
CG10132915Y3022;0;1;0;1;1;1;1;1;1;1;1;1;1;0;0;1;;;1;1;1;1;;;16;2;2;1;3;7;0132915Y;2;pr;pr;1,165932;298,5597016
CG10132915Y3071;1;1;1;1;1;1;1;1;1;1;1;0;1;1;;;;;1;1;1;1;;;17;2;1;1;3;7;0132915Y;2;pr;pr;0,385597;263,5751017
CG10132915Y3091;1;1;1;1;1;1;1;1;1;1;1;0;1;1;1;0;;;1;1;1;1;;;18;1;2;1;4;4;0132915Y;2;pr;pr;1,585048;317,3498438
CG10132915Y3122;1;1;1;1;1;1;0;1;1;1;1;1;1;1;0;1;1;0;1;1;1;1;1;1;21;2;2;1;3;5;0132915Y;2;pr;pr;0,922527;287,6471749
CG10132915Y3171;1;0;1;1;1;1;1;1;1;1;1;0;0;0;0;;;;1;1;1;1;;;14;2;2;1;3;4;0132915Y;2;pr;pr;-0,093967;242,0749066
CG10132915Y3202;1;0;1;1;1;1;1;1;1;1;1;1;1;1;0;1;1;;1;1;1;1;1;;20;1;2;1;3;3;0132915Y;2;pr;pr;0,513665;269,3167482
CG10132915Y3231;1;0;1;1;1;1;1;1;1;1;1;0;1;0;1;1;;;1;1;1;1;0;;17;2;2;1;;3;0132915Y;2;pr;pr;-0,48555;224,5191459
CG10132915Y3262;1;0;1;1;1;1;1;1;1;1;1;1;1;1;0;1;1;1;1;1;1;0;1;1;21;1;2;1;3;3;0132915Y;2;pr;pr;1,207272;300,4130894
CG10133397X3051;1;1;0;1;1;1;0;1;0;1;1;0;1;1;1;1;0;0;0;1;1;0;0;1;15;2;2;1;2;5;0133397X;2;pr;pr;-0,461275;225,607462
CG10133397X3091;1;0;0;0;0;1;1;0;1;1;1;0;1;0;0;1;0;0;1;1;1;0;0;0;11;2;1;1;3;1;0133397X;2;pr;pr;-0,902385;205,8312673
CG10133397X3131;1;1;0;1;1;0;1;1;1;0;0;0;0;1;0;0;0;1;0;1;1;0;0;0;11;2;1;1;2;4;0133397X;2;pr;pr;-0,602024;219,2972908
CG10133397X3151;1;0;1;1;1;1;1;0;1;1;1;1;1;0;0;1;1;1;1;1;1;1;1;1;20;2;2;1;3;2;0133397X;2;pr;pr;0,143905;252,7393735
CG10133775H3062;1;1;0;0;;;;;;;;;;;;;;;1;1;0;1;;;5;1;1;2;6;5;0133775H;2;pu;ep;-2,82644;119,5705018
CG10133775H3071;1;0;1;0;1;;;;;;;;;;;;;;1;1;1;0;;;6;2;1;2;4;7;0133775H;2;pu;ep;-2,091631;152,5140439
CG10133775H3262;1;1;1;0;1;0;0;1;1;0;1;1;1;0;0;1;0;1;1;1;1;0;0;1;15;2;2;1;3;3;0133775H;2;pu;ep;0,409279;264,6368319
CG10133775H3282;1;0;1;1;1;1;1;1;1;1;1;1;0;0;1;0;1;;1;1;1;1;1;0;18;2;2;3;6;5;0133775H;2;pu;ep;-0,189298;237,8009514
CG10141228J3051;1;1;0;0;1;1;1;1;1;1;1;0;0;0;0;0;0;0;1;1;0;1;1;0;13;1;2;1;1;5;0141228J;5;pr;pr;-0,648059;217,233413
CG10141228J3131;1;1;0;1;0;1;1;0;0;1;1;0;1;1;0;1;1;1;1;1;1;1;1;1;18;1;1;1;2;5;0141228J;5;pr;pr;-0,079575;242,7201402
CG10141228J3211;1;1;0;1;1;1;1;1;1;1;1;1;1;1;0;0;0;0;1;1;1;1;1;0;18;2;1;1;5;4;0141228J;5;pr;pr;-0,911058;205,4424325
CG10150023U3091;1;1;0;1;1;1;1;1;1;1;1;1;1;1;1;1;0;1;1;1;1;1;1;1;22;1;2;1;2;2;0150023U;6;pu;pu;-0,043915;244,3188778
CG10150023U3171;1;1;1;1;0;1;0;1;1;0;1;1;0;0;1;0;1;;1;1;1;1;1;1;17;2;2;1;5;5;0150023U;6;pu;pu;-0,484403;224,5705691
CG10150023U3191;0;1;0;0;1;1;0;1;1;1;1;0;0;0;0;1;0;0;0;1;0;1;0;1;11;2;1;1;4;;0150023U;6;pu;pu;-1,92479;159,9939924
CG10150023U3211;1;1;0;1;1;1;1;1;1;1;1;1;1;1;1;1;1;0;1;1;1;1;1;1;22;2;2;1;6;4;0150023U;6;pu;pu;1,189397;299,6117032
CG10150023U3271;1;1;1;1;1;1;1;1;1;1;1;1;1;0;1;0;1;0;1;1;1;1;1;1;21;2;2;1;;;0150023U;6;pu;pu;0,15924;253,4268844
CG10160884Z3051;1;0;0;1;1;1;1;1;1;0;1;1;1;0;1;0;1;0;0;1;1;1;0;1;16;2;1;1;;3;0160884Z;13;pu;pu;-1,506041;178,7676809
CG10160884Z3091;1;0;1;1;1;1;1;1;1;0;1;1;1;1;0;0;0;1;1;1;1;1;1;1;19;2;2;3;7;;0160884Z;13;pu;pu;0,153029;253,1484279
CG10160884Z3111;1;1;0;1;1;1;1;1;1;1;1;1;1;0;1;1;1;1;1;1;1;1;1;1;22;1;2;1;3;3;0160884Z;13;pu;pu;2,386896;353,2989316
CG10160884Z3211;1;0;0;0;1;1;1;1;1;1;1;1;1;1;1;1;0;1;1;1;1;1;1;1;20;1;2;1;2;4;0160884Z;13;pu;pu;-0,381368;229,1899162
CG10161050E3042;1;0;1;1;1;1;1;1;1;1;1;1;1;1;0;0;0;1;1;1;1;1;1;1;20;1;2;1;3;7;0161050E;13;pr;pr;1,737046;324,1643391
CG10161050E3051;0;0;1;1;1;1;1;0;1;1;1;0;1;1;1;1;1;0;1;1;1;1;1;1;19;1;2;1;4;4;0161050E;13;pr;pr;0,16059;253,4874087
CG10161050E3062;1;0;1;1;1;1;1;1;1;1;1;1;1;1;0;1;;;1;1;1;1;;;18;1;2;1;4;3;0161050E;13;pr;pr;1,169508;298,7200237
CG10161050E3162;1;1;0;1;0;1;1;1;0;0;1;0;1;1;0;1;;;1;1;1;1;1;;15;2;1;1;;5;0161050E;13;pr;pr;-0,250233;235,0690649
CG10161050E3171;1;1;1;0;1;1;1;1;1;1;1;1;1;0;0;0;1;1;1;1;1;0;1;1;19;1;2;1;6;4;0161050E;13;pr;pr;1,590652;317,6010868
CG10161050E3302;1;1;0;1;1;1;1;1;1;0;1;0;0;0;0;1;;;1;1;1;1;;;14;2;1;1;6;6;0161050E;13;pr;pr;-0,854774;207,9658015
CG10180673J3222;0;1;0;1;1;0;0;1;1;1;1;1;1;1;0;0;0;0;1;1;1;0;1;0;14;1;2;1;;;0180673J;18;pu;ep;-0,385629;228,9988837
CG10180673J3251;1;0;1;1;1;0;1;1;1;1;1;0;0;0;0;1;0;;1;1;1;1;1;0;15;2;2;3;5;3;0180673J;18;pu;ep;-1,243761;190,5264267
CG10180673J3262;1;1;1;1;1;1;1;1;1;1;1;0;0;0;0;0;0;0;1;1;1;1;0;0;15;2;2;1;;;0180673J;18;pu;ep;-0,499094;223,9119305
CG10180673J3302;1;1;1;1;0;1;1;1;1;1;1;1;1;0;0;0;;;1;1;1;1;;;16;2;2;3;;;0180673J;18;pu;ep;-0,899567;205,9576061
CG10180766K3042;1;0;0;1;1;1;0;1;1;1;1;0;0;1;0;0;;;1;1;0;1;;;12;1;1;1;4;3;0180766K;18;pu;ep;-0,009826;245,8471829
CG10180766K3051;1;1;0;1;0;0;0;1;1;1;1;0;0;1;0;0;;;1;1;1;1;;;12;2;2;1;4;5;0180766K;18;pu;ep;-0,295545;233,0376013
CG10180766K3071;1;0;0;1;0;0;0;1;1;0;1;0;1;0;0;0;;;1;1;1;1;;;10;2;1;1;7;7;0180766K;18;pu;ep;-0,654;216,9670613
CG10180766K3091;1;1;1;1;1;1;1;1;1;1;0;;;;;;;;1;1;1;1;;;14;1;2;1;3;3;0180766K;18;pu;ep;-0,085711;242,4450462
CG10180766K3251;1;0;0;0;1;1;1;;;;;;;;;;;;1;1;1;1;;;8;1;1;3;6;7;0180766K;18;pu;ep;0,00902;246,6921018
CG10221751J3071;1;1;1;1;1;1;1;1;1;1;1;1;1;1;0;1;1;0;1;1;1;1;1;1;22;2;2;1;3;7;0221751J;14;pr;pr;2,534303;359,9075996
CG10221751J3131;1;0;1;1;1;0;0;1;0;1;1;0;1;1;0;0;0;1;0;1;0;0;0;0;11;1;2;2;5;4;0221751J;14;pr;pr;-0,323818;231,7700436
CG10221751J3211;1;0;1;1;1;1;1;1;1;1;1;1;1;0;0;1;1;1;1;1;1;0;1;1;20;2;2;1;2;4;0221751J;14;pr;pr;0,916589;287,3809577
CG10221751J3291;1;1;0;1;1;0;1;1;1;1;0;1;1;1;0;1;1;;1;1;1;0;1;0;17;1;2;1;7;5;0221751J;14;pr;pr;1,378149;308,0739831
CG10230032K3051;1;1;0;1;1;1;1;1;0;1;1;1;1;1;0;0;1;1;1;1;1;1;1;1;20;1;2;1;3;3;0230032K;22;pu;pu;1,966666;334,4588457
CG10230032K3091;0;0;0;1;1;1;1;1;1;1;1;0;1;0;1;0;0;0;1;1;1;1;1;1;16;2;2;1;6;7;0230032K;22;pu;pu;-0,505271;223,6349983
CG10230032K3131;1;1;1;1;1;1;1;1;1;1;1;0;1;1;1;0;1;1;1;1;1;1;1;1;22;1;2;1;4;4;0230032K;22;pu;pu;1,831601;328,4035041
CG10230032K3151;0;0;0;1;0;0;0;1;1;1;1;0;1;0;0;0;0;0;0;1;0;1;1;0;9;1;2;1;1;1;0230032K;22;pu;pu;-1,069039;198,3597025
CG10230032K3191;1;1;0;0;1;1;0;1;1;0;1;1;1;0;0;1;0;0;1;1;1;0;1;1;15;1;2;1;4;5;0230032K;22;pu;pu;0,081714;249,9511771
CG10240037K3071;1;1;0;1;1;1;1;0;1;1;1;1;1;1;;;;;1;1;1;1;;;16;1;2;1;;;0240037K;4;pu;ep;0,821599;283,1222904
CG10240037K3131;1;0;0;0;1;1;0;;;;;;;;;;;;0;1;0;1;;;5;1;2;1;;;0240037K;4;pu;ep;-0,59189;219,7516263
CG10240037K3151;0;0;0;1;1;0;1;;;;;;;;;;;;0;0;0;0;;;3;1;1;3;;;0240037K;4;pu;ep;-1,140007;195,1780086
CG10240037K3211;1;0;1;0;1;1;1;;;;;;;;;;;;1;1;1;0;;;8;2;2;3;;;0240037K;4;pu;ep;1,885875;330,8367593
CG10240037K3262;0;0;0;;;;;;;;;;;;;;;;0;1;;;;;1;2;2;1;;;0240037K;4;pu;ep;-0,46859;225,2795101
CG10240037K3291;1;1;1;1;1;1;0;;;;;;;;;;;;1;1;1;1;;;10;2;2;1;;;0240037K;4;pu;ep;-0,924892;204,8222156
CG10240037K3302;0;0;;;;;;;;;;;;;;;;;;;;;;;0;1;1;3;;;0240037K;4;pu;ep;-0,243574;235,3676065
CG10251589S3031;1;1;1;1;1;1;1;1;1;1;1;1;1;0;0;0;1;0;1;1;1;1;0;1;19;2;1;1;;5;0251589S;3;pr;pr;-0,05599;243,7775217
CG10251589S3051;1;0;1;1;1;1;1;1;0;1;1;1;1;0;1;1;1;1;1;1;1;1;1;1;21;1;2;1;5;3;0251589S;3;pr;pr;0,19203;254,8969518
CG10251589S3171;1;1;1;1;1;1;1;1;1;1;1;1;1;1;1;1;0;0;1;1;1;1;1;1;22;1;2;1;;;0251589S;3;pr;pr;1,450197;311,3040964
CG10251589S3231;0;1;0;1;1;0;0;1;1;1;1;1;1;0;0;1;1;1;0;1;1;0;1;1;16;2;2;1;;7;0251589S;3;pr;pr;0,775058;281,0357273
CG10251589S3251;1;0;1;1;1;1;1;1;1;1;1;0;0;0;0;0;0;0;1;1;1;1;1;1;16;2;2;1;;3;0251589S;3;pr;pr;1,410076;309,5053598
CG10251589S3271;1;1;1;0;1;1;1;1;1;1;0;1;1;1;0;1;1;1;1;1;1;1;1;1;21;1;2;1;4;;0251589S;3;pr;pr;1,731953;323,9360057
CG10251589S3291;0;1;0;1;1;1;1;1;1;1;1;0;1;0;0;0;0;0;1;1;1;1;1;1;16;1;1;1;;;0251589S;3;pr;pr;0,412817;264,7954504
CG10270001E3082;1;1;0;0;1;1;0;1;1;0;1;0;0;0;0;0;0;1;1;1;1;0;0;0;11;2;2;1;6;6;0270001E;21;pu;pu;-1,115985;196,254982
CG10270001E3282;1;1;1;1;1;1;1;;;;;;;;;;;;1;1;1;1;;;11;2;2;1;2;7;0270001E;21;pu;pu;-0,272744;234,0598339
CG10290068S3111;1;0;0;1;0;0;0;;;;;;;;;;;;1;1;1;0;;;5;;;;;;;;;;;
CG10290068S3122;1;1;0;0;1;0;0;;;;;;;;;;;;0;1;1;1;;;6;1;1;1;5;5;0290068S;14;pu;pu;-0,706168;214,628224
CG10290068S3191;1;1;1;1;1;1;1;;;;;;;;;;;;1;1;1;1;;;11;1;2;1;3;4;0290068S;14;pu;pu;0,617408;273,967837
CG10290068S3251;1;0;0;;;;;;;;;;;;;;;;0;1;0;;;;2;1;1;2;2;7;0290068S;14;pu;pu;-1,321512;187,040632
CG10290068S3291;1;0;0;0;0;;;;;;;;;;;;;;1;1;0;1;;;4;2;2;1;3;3;0290068S;14;pu;pu;0,675721;276,5821718
CG10291874E3031;1;1;1;1;1;1;1;1;1;1;1;1;1;1;1;1;0;1;1;1;1;1;1;1;23;1;2;1;7;7;0291874E;14;pr;pr;1,90004;331,4718159
CG10291874E3171;1;1;1;1;1;1;1;1;1;1;0;1;1;1;1;1;1;1;1;1;1;1;1;1;23;2;2;1;6;4;0291874E;14;pr;pr;0,030912;247,6735814
CG10291874E3191;1;1;0;1;1;1;1;1;1;1;1;1;1;1;0;0;0;0;1;1;1;1;1;1;19;2;2;1;6;7;0291874E;14;pr;pr;0,100226;250,7811218
CG10291874E3211;1;1;0;0;1;0;0;1;0;1;1;0;1;1;0;1;0;0;1;1;0;1;0;1;13;1;1;1;6;4;0291874E;14;pr;pr;-0,470787;225,1810124
CG10300025P3111;0;1;0;0;0;0;0;0;0;1;1;0;1;0;0;;;;0;1;0;1;;;6;2;1;2;;;0300025P;11;pu;ep;-3,43504;92,28526212
CG10300025P3151;1;0;0;1;1;1;0;1;1;1;1;0;0;0;0;0;;;1;1;1;1;1;;13;2;1;3;;;0300025P;11;pu;ep;-0,537814;222,1760046
CG10300025P3211;1;0;0;1;1;0;1;1;1;1;1;0;1;0;0;0;0;;1;1;1;1;0;0;13;1;1;2;;;0300025P;11;pu;ep;-1,027951;200,2017924
CG10300025P3231;0;0;0;1;0;0;0;1;0;1;1;0;1;0;0;0;;;1;1;0;0;0;;7;1;1;3;;;0300025P;11;pu;ep;-1,153303;194,5819118
CG10300025P3271;1;0;0;1;1;0;0;1;1;1;1;1;1;0;0;1;;;1;1;1;1;;;14;2;2;3;;;0300025P;11;pu;ep;-0,978942;202,3990029
CG10301096D3122;1;0;1;0;0;1;0;1;1;1;1;0;1;0;0;1;0;0;1;1;1;0;1;1;14;1;2;1;;7;0301096D;11;pu;pu;2,604653;363,0615868
CG10301096D3142;1;0;1;1;0;1;0;1;0;1;1;1;0;0;0;1;0;1;1;1;1;1;0;1;15;2;1;3;6;7;0301096D;11;pu;pu;-1,252784;190,1219004
CG10301096D3151;1;0;0;0;0;0;0;0;0;1;0;0;0;0;0;0;0;0;0;1;1;0;0;0;4;1;2;1;3;7;0301096D;11;pu;pu;-2,888872;116,7715007
CG10301096D3182;0;0;1;1;1;0;0;1;0;0;1;1;0;1;0;0;0;0;0;1;1;0;1;1;11;2;2;3;;7;0301096D;11;pu;pu;-1,115485;196,2773984
CG10301096D3302;1;1;1;1;0;1;1;1;1;1;1;1;1;1;0;1;0;0;1;1;1;1;1;0;19;1;1;2;3;3;0301096D;11;pu;pu;0,149423;252,9867609
CG10311094W3042;0;1;0;0;1;1;1;1;1;1;1;0;1;1;0;0;0;1;1;1;1;1;0;0;15;2;2;1;3;4;0311094W;16;pu;pu;0,761536;280,4294982
CG10311094W3051;1;0;1;1;1;1;0;1;1;1;1;1;1;1;0;0;0;0;1;1;1;1;1;1;18;1;1;1;4;4;0311094W;16;pu;pu;1,374911;307,9288145
CG10311094W3082;1;1;1;1;1;1;1;1;1;1;1;1;1;0;0;0;;;1;1;1;1;1;;18;2;2;1;3;5;0311094W;16;pu;pu;1,145062;297,6240411
CG10311094W3202;1;1;1;1;1;1;1;1;1;1;1;1;1;0;0;0;1;1;1;1;1;1;1;1;21;1;2;1;3;3;0311094W;16;pu;pu;1,954988;333,9352883
CG10311094W3242;0;1;1;1;0;1;0;1;0;0;1;0;0;0;0;0;0;0;0;1;1;1;1;1;11;2;1;1;4;5;0311094W;16;pu;pu;-0,17966;238,2330498
CG10320059R3102;1;1;1;0;1;1;1;1;1;1;1;1;1;1;1;1;1;1;1;1;1;1;1;1;23;2;2;1;;7;0320059R;16;pr;pr;0,987557;290,5626516
CG10320059R3142;1;0;0;1;1;1;1;1;1;1;1;1;1;1;1;0;0;1;1;1;1;1;1;0;19;1;1;1;2;2;0320059R;16;pr;pr;-0,894201;206,1981789
CG10320059R3231;1;1;1;1;1;1;1;1;1;1;1;1;1;0;0;1;1;1;1;1;1;1;1;1;22;1;2;;1;1;0320059R;16;pr;pr;-0,071075;243,101219
CG10320059R3242;1;1;1;1;0;1;1;1;1;1;1;1;1;0;0;1;1;1;1;1;1;1;0;1;20;2;1;1;7;7;0320059R;16;pr;pr;-0,729953;213,561876
CG10332486Y3151;1;1;1;1;1;0;1;1;1;0;1;1;1;1;0;1;0;1;1;1;1;0;0;1;18;2;2;1;5;5;0332486Y;4;pr;pr;0,656136;275,7041215
CG10332486Y3211;1;1;1;1;1;1;1;1;1;1;1;1;1;0;0;1;1;0;1;1;1;1;1;1;21;1;2;1;7;5;0332486Y;4;pr;pr;1,336552;306,2090733
CG10332486Y3251;1;0;1;1;1;1;1;1;1;0;1;1;1;1;1;0;1;1;1;1;1;0;1;1;20;2;2;1;2;4;0332486Y;4;pr;pr;2,024129;337,0350727
CG10332486Y3291;1;1;1;1;1;1;1;1;1;1;1;0;0;0;0;0;1;0;1;1;1;0;0;1;16;2;2;1;2;3;0332486Y;4;pr;pr;0,173543;254,0681279
CG10340869K3011;1;1;1;1;1;1;1;1;1;1;1;1;1;1;0;1;1;1;1;1;1;1;1;1;23;1;2;1;;;0340869K;11;pr;pr;2,391502;353,5054315
CG10340869K3111;1;1;0;1;0;1;1;1;1;1;1;1;1;1;1;0;1;1;1;1;1;1;1;1;21;1;2;1;;;0340869K;11;pr;pr;1,04575;293,1716065
CG10340885C3031;0;0;0;0;1;0;0;0;0;0;0;0;0;0;0;1;0;0;0;1;1;1;0;0;5;2;2;1;3;3;0340885C;11;pr;pr;-0,902227;205,8383509
CG10340885C3091;1;0;1;1;1;0;0;1;0;1;1;0;0;0;0;0;0;0;0;1;1;1;1;0;11;2;1;1;3;4;0340885C;11;pr;pr;0,048423;248,4586485
CG10340885C3151;0;0;0;0;0;0;0;1;0;1;0;1;1;1;0;0;0;1;0;1;1;1;0;0;9;1;2;1;2;2;0340885C;11;pr;pr;-0,525028;222,7492367
CG10340885C3171;1;1;0;1;0;0;0;1;0;0;0;0;0;0;0;0;0;0;1;1;1;1;1;1;10;2;2;1;3;3;0340885C;11;pr;pr;0,426039;265,3882296
CG10340955D3151;0;1;0;0;0;0;0;0;0;0;0;0;0;0;0;0;0;0;0;0;0;1;0;0;2;1;1;;6;7;0340955D;11;pu;ep;-2,655051;127,2543499
CG10341366A3031;1;0;1;1;1;1;1;;;;;;;;;;;;1;1;1;1;;;10;2;2;1;;5;0341366A;11;pu;pu;-0,7575;212,326867
CG10341366A3062;1;0;0;1;1;0;0;;;;;;;;;;;;0;1;1;1;;;6;1;2;1;6;5;0341366A;11;pu;pu;-1,188457;193,0058597
CG10341366A3251;1;1;0;1;1;0;0;;;;;;;;;;;;1;1;1;1;;;8;2;2;1;1;1;0341366A;11;pu;pu;0,509604;269,1346822
CG10350044H3011;1;1;0;1;0;1;1;1;1;1;1;1;1;1;0;1;0;0;1;1;1;1;1;1;19;2;1;1;6;6;0350044H;14;pu;pu;-0,621651;218,4173575
CG10350044H3031;1;1;0;0;1;1;1;0;1;1;1;0;1;1;0;0;1;1;1;1;1;1;1;1;18;1;2;1;4;4;0350044H;14;pu;pu;0,498236;268,625023
CG10350044H3091;0;0;0;1;0;0;0;1;0;0;1;0;1;0;0;0;0;0;0;1;1;1;0;1;8;1;1;2;;6;0350044H;14;pu;pu;-1,709533;169,6445656
CG10350044H3171;1;1;0;1;0;0;1;1;1;1;0;1;1;1;0;1;0;0;1;1;1;1;0;1;16;;;;;;;;;;;
CG10350044H3211;1;1;0;1;0;0;1;1;1;1;1;0;1;0;1;1;1;1;1;1;1;1;1;1;19;1;2;1;3;3;0350044H;14;pu;pu;0,900527;286,6608534
CG10350044H3251;1;1;1;1;1;1;1;1;1;1;1;1;1;1;0;1;0;0;1;1;1;1;1;1;21;2;2;1;5;5;0350044H;14;pu;pu;0,105119;251,0004887
CG10350044H3271;1;0;0;0;0;0;0;1;1;1;1;0;0;1;0;0;1;1;1;1;0;1;0;1;12;1;1;1;7;5;0350044H;14;pu;pu;-2,145977;150,0775607
CG10350044H3291;1;1;0;1;0;1;1;1;1;1;1;0;1;1;0;0;0;0;1;1;1;1;1;1;17;2;2;1;2;7;0350044H;14;pu;pu;-1,438375;181,8013369
CG10350759K3111;1;1;1;1;1;1;1;1;1;1;1;1;1;1;1;0;1;;1;1;1;0;1;1;21;2;2;1;3;3;0350759K;14;pu;pu;0,262323;258,0483836
CG10350759K3191;1;0;1;0;1;1;0;1;1;0;1;1;1;1;1;0;0;0;1;1;1;0;1;1;16;1;2;1;6;7;0350759K;14;pu;pu;-0,938586;204,2082752
CG10350759K3211;1;1;1;1;0;1;1;1;1;1;1;0;1;1;1;1;0;1;1;1;1;0;1;1;20;1;2;1;4;2;0350759K;14;pu;pu;-0,109103;241,3963174
CG10350759K3251;0;1;0;0;1;0;0;0;1;0;1;1;1;1;0;0;0;0;0;1;1;0;1;0;10;1;1;3;6;7;0350759K;14;pu;pu;-1,441338;181,6684973
CG10350759K3271;0;0;0;1;1;0;1;1;0;0;1;0;1;0;0;;;;0;1;1;0;;;8;1;1;2;6;7;0350759K;14;pu;pu;-1,200279;192,4758463
CG10350875L3031;1;1;1;1;1;1;0;0;1;1;0;0;1;1;0;0;;;1;1;1;1;0;;14;1;2;1;1;4;0350875L;14;pr;pr;1,108044;295,9644207
CG10350875L3051;1;0;1;1;1;1;1;1;1;0;1;1;1;1;0;1;0;0;1;1;1;1;1;1;19;1;2;1;6;7;0350875L;14;pr;pr;0,959606;289,3095301
CG10350875L3191;0;1;0;1;1;0;0;1;0;0;1;0;0;0;0;0;0;0;1;0;1;1;0;1;9;1;2;1;6;7;0350875L;14;pr;pr;0,527035;269,9161627
CG10350875L3291;1;1;1;1;1;1;1;1;1;1;1;1;1;1;0;1;1;1;1;1;1;1;1;1;23;2;2;1;3;4;0350875L;14;pr;pr;2,410581;354,3607964
CG10350895H3011;1;0;0;1;1;1;1;;;;;;;;;;;;1;1;1;1;;;9;1;1;2;;;0350895H;14;pu;ep;-0,66789;216,3443338
CG10350895H3031;0;0;0;0;0;0;0;;;;;;;;;;;;0;1;1;1;;;3;1;1;3;;;0350895H;14;pu;ep;-1,954538;158,6603064
CG10350895H3171;1;1;0;1;1;1;1;;;;;;;;;;;;1;1;1;0;;;9;2;1;1;;;0350895H;14;pu;ep;-0,677567;215,9104868
CG10350895H3251;1;0;0;1;0;0;1;;;;;;;;;;;;0;0;1;1;;;5;1;2;1;;;0350895H;14;pu;ep;-0,723294;213,8604176
CG10351053E3111;1;1;0;1;1;0;0;1;0;0;1;0;0;0;0;1;0;0;1;1;1;1;0;0;11;2;2;1;6;7;0351053E;14;pu;pu;-0,016835;245,5329499
CG10351053E3151;1;0;0;0;0;0;0;1;1;1;1;1;0;0;0;0;0;0;0;1;1;0;0;0;8;1;1;1;5;5;0351053E;14;pu;pu;-0,358194;230,2288714
CG10351053E3171;1;1;0;1;0;0;0;1;1;1;1;0;0;0;0;0;0;1;1;1;1;1;1;1;14;2;2;1;2;5;0351053E;14;pu;pu;0,664191;276,0652497
CG10351053E3191;1;1;1;1;1;1;1;0;1;1;1;0;1;0;0;0;0;0;1;1;1;1;1;0;16;1;2;1;6;6;0351053E;14;pu;pu;0,412547;264,7833455
CG10351053E3251;1;0;1;1;1;1;1;1;0;1;0;0;1;0;0;0;1;1;1;1;1;1;0;1;16;2;2;1;6;5;0351053E;14;pu;pu;-0,219819;236,4326096
CG10380065P3031;0;1;1;0;0;0;0;1;0;0;1;0;1;1;0;0;0;0;0;1;1;1;1;0;10;1;2;1;5;;0380065P;8;pu;ep;0,403318;264,3695836
CG10380065P3111;1;1;0;1;1;1;1;0;1;1;1;0;0;0;0;0;0;0;1;1;1;1;1;1;15;2;2;1;5;3;0380065P;8;pu;ep;-0,422675;227,3380079
CG10381664C3171;1;1;1;1;1;1;1;;;;;;;;;;;;1;1;1;1;;;11;1;2;1;3;4;0381664C;8;pr;pr;1,345678;306,6182174
CG10381664C3182;1;1;1;1;1;1;1;1;1;1;1;1;1;1;1;1;1;1;1;1;1;1;1;1;24;1;2;1;3;3;0381664C;8;pr;pr;2,078499;339,4726318
CG10381664C3211;1;0;1;1;1;1;1;1;1;1;1;1;1;1;0;1;1;1;1;1;1;1;1;1;22;2;2;3;3;4;0381664C;8;pr;pr;-0,264107;234,4470547
CG10381664C3222;1;1;0;1;1;1;1;1;1;0;1;1;1;1;;;;;1;1;1;1;;;16;2;2;1;4;4;0381664C;8;pr;pr;0,291409;259,3523903
CG10382041M3031;0;1;1;1;1;1;1;1;1;1;1;1;1;1;0;1;0;0;1;1;1;1;0;1;19;2;2;1;;;0382041M;8;pu;pu;1,131544;297,0179914
CG10382041M3191;1;0;0;1;1;0;0;1;1;1;1;0;0;1;0;0;0;0;0;1;1;0;0;0;10;1;1;1;;;0382041M;8;pu;pu;-0,289796;233,295345
CG10382041M3251;1;1;0;1;1;1;0;1;1;1;1;0;1;1;1;0;1;1;1;1;1;1;1;1;20;1;2;1;;;0382041M;8;pu;pu;1,503389;313,6888425
CG10382041M3271;1;0;1;1;1;1;0;1;1;1;1;1;1;1;0;0;0;0;1;1;1;1;1;1;18;2;2;1;3;3;0382041M;8;pu;pu;-0,66737;216,3676469
CG10382101C3051;1;0;1;1;1;1;1;0;0;1;1;1;0;0;1;0;0;0;0;1;1;1;0;0;13;1;2;1;1;5;0382101C;8;pu;pu;-0,352038;230,5048621
CG10382101C3162;1;1;1;1;1;1;1;1;1;1;1;1;1;0;0;1;1;1;1;1;1;0;1;1;21;1;2;1;4;5;0382101C;8;pu;pu;0,592262;272,8404715
CG10382101C3231;1;1;1;1;1;1;1;1;1;1;1;1;1;1;0;0;1;0;1;1;1;1;1;1;21;2;2;1;4;;0382101C;8;pu;pu;0,890511;286,2118081
CG10382101C3271;1;1;1;0;1;1;1;0;1;0;0;0;0;0;0;0;0;1;1;1;1;1;0;0;12;2;2;1;5;5;0382101C;8;pu;pu;1,786572;326,3847282
CG10382110M3011;1;1;1;0;1;1;1;1;1;1;1;0;1;0;0;1;1;0;1;1;1;1;1;0;18;2;2;3;6;7;0382110M;8;pu;ep;-0,132112;240,3647596
CG10382110M3222;1;0;1;1;1;1;1;1;1;1;1;1;1;1;1;1;1;1;1;1;1;1;1;1;23;1;2;1;3;5;0382110M;8;pu;ep;2,710162;367,7918503
CG10382110M3282;1;0;0;1;1;0;0;1;1;0;0;0;0;0;0;0;0;0;1;1;1;1;0;0;9;1;2;1;6;6;0382110M;8;pu;ep;-1,672494;171,3051275
CG10382110M3291;1;1;1;1;1;1;1;1;0;1;1;0;0;0;0;0;0;1;1;1;1;1;1;1;17;1;2;3;;5;0382110M;8;pu;ep;0,196671;255,1050208
CG10382583B3082;1;0;0;1;0;0;1;0;1;1;1;0;1;1;0;0;0;0;1;1;1;1;1;1;14;1;2;1;;;0382583B;8;pr;pr;0,393623;263,9349297
CG10382583B3091;1;1;0;1;1;1;1;1;1;1;1;0;1;0;0;0;1;0;1;1;1;0;1;1;17;1;2;1;;;0382583B;8;pr;pr;0,825273;283,2870061
CG10382583B3111;0;0;0;1;1;0;0;1;1;1;1;0;0;0;0;1;0;0;0;1;1;0;1;1;11;2;2;1;5;2;0382583B;8;pr;pr;-0,650317;217,1321805
CG10382583B3131;1;0;0;1;1;1;1;1;1;1;1;1;1;1;0;1;0;0;1;1;1;1;0;1;18;1;2;1;5;5;0382583B;8;pr;pr;-1,068907;198,3656204
CG10382583B3182;1;1;1;1;1;1;1;1;1;1;1;1;1;1;0;1;1;1;1;1;1;1;1;1;23;2;2;1;;;0382583B;8;pr;pr;1,82341;328,0362787
CG10382583B3271;1;1;0;1;1;1;1;0;1;0;1;1;1;0;0;1;0;;1;1;1;1;1;1;17;2;2;1;;;0382583B;8;pr;pr;0,266607;258,2404473
CG10401022U3082;1;0;1;1;1;1;1;1;0;1;1;0;1;0;1;1;1;0;1;1;1;1;1;1;19;1;2;1;3;7;0401022U;4;pr;pr;0,737127;279,3351745
CG10401022U3162;1;0;0;0;1;0;0;0;1;0;0;0;0;1;0;1;0;0;1;1;1;1;0;0;9;1;1;1;5;4;0401022U;4;pr;pr;-1,824212;164,5031854
CG10401022U3171;1;0;0;1;1;1;1;1;1;1;1;1;1;0;0;1;1;1;1;1;1;1;1;1;20;2;2;1;3;7;0401022U;4;pr;pr;-0,238598;235,5906945
CG10401022U3271;1;1;0;0;1;0;0;0;1;1;1;1;0;0;0;0;0;0;1;1;1;0;0;0;10;1;2;3;3;3;0401022U;4;pr;pr;0,177768;254,2575465
CG10410595Z3051;1;1;1;1;1;1;1;1;0;1;1;1;1;1;0;0;0;0;1;1;1;1;1;0;18;2;2;1;2;7;0410595Z;18;pu;pu;-1,938401;159,3837732
CG10410595Z3091;1;0;1;1;1;1;1;0;1;0;1;1;1;0;0;1;0;0;1;1;1;1;1;1;17;1;2;1;3;;0410595Z;18;pu;pu;0,581137;272,3417066
CG10410595Z3111;1;1;1;1;1;1;1;1;1;1;1;1;1;0;0;1;1;0;1;1;1;1;1;1;21;1;2;1;3;4;0410595Z;18;pu;pu;0,645811;275,2412229
CG10410595Z3151;0;1;0;1;1;0;0;1;0;0;1;0;1;0;0;0;0;;0;1;1;1;0;1;10;1;1;1;6;7;0410595Z;18;pu;pu;-1,212697;191,9191127
CG10410595Z3171;1;0;1;1;1;1;1;1;1;1;1;0;1;0;1;1;0;0;1;1;1;1;1;1;19;1;2;1;1;1;0410595Z;18;pu;pu;0,204427;255,452744
CG10410595Z3271;1;1;1;1;1;1;1;1;1;1;1;1;1;0;1;1;1;1;1;1;1;1;1;1;23;1;2;1;4;4;0410595Z;18;pu;pu;1,631315;319,4241227
CG10410595Z3291;1;1;0;0;1;1;0;1;1;1;1;0;1;1;0;1;0;0;1;1;1;1;0;1;16;1;1;1;5;5;0410595Z;18;pu;pu;-0,515916;223,1577532
CG10421679X3122;1;1;1;1;1;1;1;1;1;1;1;1;0;1;0;0;0;0;1;1;1;1;0;0;17;2;2;1;4;3;0421679X;10;pu;pu;0,528562;269,9846224
CG10421679X3191;1;1;0;1;1;1;1;1;1;1;1;1;0;1;0;1;1;1;1;1;1;1;1;1;21;1;2;1;2;4;0421679X;10;pu;pu;1,228725;301,3748874
CG10421679X3251;1;1;1;1;1;1;1;1;1;1;1;1;0;0;0;1;0;0;1;1;1;0;0;0;16;2;2;1;5;5;0421679X;10;pu;pu;-0,20451;237,1189549
CG10421679X3282;1;1;0;1;1;1;0;1;1;1;1;1;0;1;0;1;1;0;1;1;1;1;1;1;19;2;2;1;3;5;0421679X;10;pu;pu;0,877331;285,6209118
CG10430901W3071;1;1;1;1;1;1;1;1;1;1;1;0;0;1;0;0;0;0;1;1;1;1;0;0;16;1;1;1;;;0430901W;6;pr;pr;-1,056497;198,9219954
CG10430901W3111;1;1;1;1;1;1;1;1;1;1;0;1;1;1;0;1;0;0;1;1;1;0;1;1;19;1;1;1;;;0430901W;6;pr;pr;-0,113431;241,2022811
CG10430901W3131;1;1;1;1;1;1;1;1;1;1;1;1;1;0;;;;;1;1;1;1;;;17;1;1;1;;;0430901W;6;pr;pr;-0,386045;228,9802332
CG10430909E3011;1;0;0;1;1;0;1;1;0;1;1;0;1;0;0;0;;;0;1;1;1;1;;12;1;2;1;6;;0430909E;6;pr;pr;-1,043801;199,4911926
CG10430909E3042;1;0;1;1;1;0;0;1;1;1;1;1;1;0;;;;;1;1;1;0;;;13;2;2;1;2;7;0430909E;6;pr;pr;-1,303189;187,8621033
CG10430909E3131;1;0;0;1;1;1;1;1;1;0;1;0;1;1;;;;;0;1;0;1;;;12;2;2;1;1;1;0430909E;6;pr;pr;-0,027558;245,0522078
CG10430909E3271;0;1;1;1;0;1;1;1;1;1;1;0;1;1;0;1;1;0;1;1;1;1;1;1;19;1;2;1;6;3;0430909E;6;pr;pr;1,628273;319,2877414
CG10441728P3011;1;1;1;1;1;1;1;1;0;1;1;1;1;0;1;0;0;0;1;1;1;1;1;1;19;1;2;1;;5;0441728P;17;pu;pu;0,252513;257,6085738
CG10441728P3071;1;1;1;1;1;1;1;1;1;0;1;1;1;0;;;;;1;1;1;1;;;16;2;1;1;;2;0441728P;17;pu;pu;0,118193;251,5866327
CG10441728P3131;1;1;1;1;1;1;1;1;1;1;1;0;1;1;1;0;0;0;1;1;1;1;1;0;19;1;2;1;4;7;0441728P;17;pu;pu;2,710896;367,8247576
CG10441728P3151;1;0;1;1;1;1;1;1;1;1;1;0;1;0;0;1;0;1;1;1;1;0;1;1;18;2;2;1;5;4;0441728P;17;pu;pu;-0,158014;239,2035005
CG10441728P3271;0;0;0;1;0;0;0;0;1;1;1;1;1;0;0;0;0;0;0;1;1;0;1;0;9;2;1;1;;;0441728P;17;pu;pu;-1,635097;172,9817396
CG10441933M3071;1;1;0;1;1;1;1;1;1;0;1;1;1;1;0;1;1;0;1;1;1;1;1;0;19;1;2;1;3;5;0441933M;17;pr;pr;1,081505;294,7746031
CG10441933M3131;1;1;0;1;1;1;1;1;1;1;1;1;1;0;0;0;0;1;1;1;1;0;0;1;17;1;2;1;5;7;0441933M;17;pr;pr;-0,06018;243,5896723
CG10441933M3202;1;1;1;1;1;1;1;1;1;1;1;1;1;1;0;1;1;0;1;1;1;0;1;1;21;1;2;1;3;3;0441933M;17;pr;pr;1,757695;325,0900915
CG10451303X3011;1;1;0;0;1;0;0;1;1;1;1;0;1;1;0;1;0;;1;1;1;1;0;1;15;1;2;1;6;5;0451303X;18;pu;ep;0,068667;249,3662436
CG10451303X3051;1;0;0;1;1;1;1;1;1;1;1;1;1;1;0;0;0;1;1;1;1;0;1;1;18;1;2;1;3;7;0451303X;18;pu;ep;0,198438;255,1842404
CG10451303X3071;1;0;1;1;0;1;1;1;1;1;1;1;1;0;0;0;0;1;1;1;1;0;0;1;16;1;1;1;;7;0451303X;18;pu;ep;-1,48924;179,5209167
CG10451303X3091;1;0;0;0;0;0;0;1;1;0;0;0;0;0;0;0;0;1;1;0;1;0;0;0;6;1;1;3;6;7;0451303X;18;pu;ep;-1,202489;192,3767659
CG10451303X3211;1;0;0;1;1;1;1;1;1;1;1;1;1;1;0;0;0;1;0;1;1;0;1;1;17;1;1;3;;6;0451303X;18;pu;ep;-1,315081;187,3289517
CG10451303X3231;1;1;0;0;0;1;0;1;1;1;1;0;1;0;0;0;0;0;1;1;1;1;1;0;13;1;2;1;4;5;0451303X;18;pu;ep;-1,698243;170,1507279
CG10451303X3251;1;0;1;1;1;1;1;1;1;1;1;0;1;1;1;1;1;1;1;1;1;0;1;1;21;1;2;1;3;7;0451303X;18;pu;ep;-0,201932;237,2345338
CG10451499K3031;1;0;1;1;0;0;0;0;0;0;1;0;1;0;0;;;;1;1;1;1;;;9;1;1;1;2;2;0451499K;18;pu;pu;0,054268;248,7206962
CG10451499K3211;1;1;1;1;1;1;1;1;1;1;1;1;1;1;0;1;1;;1;1;1;1;1;1;22;1;2;1;3;3;0451499K;18;pu;pu;2,06968;339,0772514
CG10451499K3271;1;0;1;0;0;0;0;1;0;0;1;0;0;1;0;0;0;1;1;1;1;0;0;1;10;1;2;1;6;4;0451499K;18;pu;pu;1,221339;301,0437523
CG10490829K3031;1;0;0;1;1;0;0;1;0;1;1;0;1;1;1;0;0;0;0;1;0;1;1;1;13;1;1;1;;5;0490829K;17;pr;pr;-1,203691;192,3228768
CG10490829K3111;1;1;1;1;1;1;1;1;1;1;1;1;1;1;1;1;1;1;1;1;1;1;1;1;24;2;2;1;5;5;0490829K;17;pr;pr;1,012735;291,6914517
CG10490829K3251;1;1;1;1;1;1;1;1;1;1;1;0;1;1;1;1;0;;1;1;1;1;1;0;20;1;2;1;;5;0490829K;17;pr;pr;-0,077667;242,8056812
CG10490875K3111;1;1;0;1;1;1;1;1;1;1;1;1;1;1;0;1;0;0;1;1;0;1;1;0;18;2;2;1;3;5;0490875K;17;pr;pr;0,350712;262,0111096
CG10490875K3151;0;1;0;1;0;0;0;1;0;0;0;0;0;1;0;0;0;1;0;1;0;0;0;0;6;2;1;1;2;7;0490875K;17;pr;pr;-2,144511;150,1432856
CG10490875K3211;1;0;1;1;1;1;0;1;1;1;0;1;1;0;0;0;0;1;1;1;1;1;0;1;16;1;2;1;;4;0490875K;17;pr;pr;0,006392;246,5742812
CG10490875K3251;1;0;0;1;1;1;1;1;1;1;1;1;1;0;0;0;;;1;1;1;1;1;;16;2;2;1;;7;0490875K;17;pr;pr;0,284446;259,0402195
CG10490875K3271;0;1;1;1;1;1;1;1;1;1;1;1;1;0;0;0;1;1;1;1;1;1;1;1;20;2;2;1;;5;0490875K;17;pr;pr;0,970747;289,8090123
CG10501702D3011;1;0;0;1;1;0;0;1;1;1;1;1;1;0;0;0;0;0;1;1;1;0;0;0;12;1;1;3;;5;0501702D;5;pr;pr;-1,297273;188,1273341
CG10501702D3251;1;1;0;1;1;1;1;1;1;1;1;1;1;1;0;1;1;0;0;1;1;1;1;0;19;1;2;1;6;2;0501702D;5;pr;pr;0,743581;279,6245253
CG10501702D3271;1;1;0;1;1;0;0;1;1;1;0;1;0;1;;;;;1;1;1;0;;;12;2;2;1;5;7;0501702D;5;pr;pr;0,548858;270,8945488
CG10501702D3291;1;1;1;1;1;1;1;0;1;1;1;1;0;1;0;0;1;1;1;1;1;1;1;1;20;2;2;1;5;4;0501702D;5;pr;pr;0,74221;279,5630596
CG10510016R3051;0;1;1;1;1;0;0;;;;;;;;;;;;1;1;1;1;;;8;1;2;1;5;6;0510016R;19;pu;pu;0,709246;278,0851913
CG10510016R3071;1;1;0;1;1;1;1;;;;;;;;;;;;1;1;1;1;;;10;2;2;1;6;5;0510016R;19;pu;pu;-0,076991;242,8359882
CG10510016R3171;1;1;1;1;1;1;0;;;;;;;;;;;;1;1;1;1;;;10;2;2;1;4;4;0510016R;19;pu;pu;0,639917;274,9769784
CG10510016R3251;1;1;1;1;0;1;1;;;;;;;;;;;;1;1;1;1;;;10;1;2;1;6;7;0510016R;19;pu;pu;-0,489286;224,3516505
CG10530064G3031;0;0;1;1;1;1;1;1;1;1;1;1;1;0;1;1;0;1;1;1;1;0;1;1;19;1;2;1;;;0530064G;17;pr;pr;-0,39402;228,6226917
CG10530064G3051;0;1;1;1;1;1;1;1;1;1;1;0;1;0;1;0;0;1;1;1;1;0;1;1;18;2;2;1;;;0530064G;17;pr;pr;-0,169477;238,6895822
CG10530064G3091;1;1;0;1;1;1;1;1;1;1;1;0;1;1;1;1;1;0;1;1;1;1;1;1;21;2;2;1;2;4;0530064G;17;pr;pr;1,769996;325,6415797
CG10530064G3111;1;1;1;1;1;1;1;1;0;1;1;1;1;1;0;1;1;0;1;1;1;1;1;1;21;2;2;1;;;0530064G;17;pr;pr;1,135738;297,2060202
CG10530064G3131;1;1;0;1;1;1;1;1;1;1;1;1;1;1;0;1;0;1;1;1;1;0;1;1;20;1;2;1;;;0530064G;17;pr;pr;-0,488878;224,3699423
CG10541287F3122;1;1;1;1;1;0;1;1;0;1;1;1;0;0;0;0;0;1;1;1;1;1;1;0;16;2;2;1;6;6;0541287F;12;pu;ep;-0,648933;217,1942291
CG10541287F3231;1;0;1;1;1;1;1;1;0;1;1;0;1;0;0;1;0;1;1;1;1;1;0;1;17;1;2;1;4;5;0541287F;12;pu;ep;0,31167;260,2607475
CG10541287F3271;0;0;0;0;0;0;0;0;0;0;0;0;1;0;0;0;1;1;0;0;0;1;0;1;5;1;1;1;6;7;0541287F;12;pu;ep;-1,107764;196,6235525
CG10541340N3051;1;0;0;1;1;1;1;1;1;1;1;0;0;0;0;0;0;0;1;1;1;1;1;1;15;;;;;;;;;;;
CG10541340N3071;1;1;0;0;0;0;0;0;0;0;1;0;0;0;1;0;0;1;1;0;0;1;1;0;8;2;1;2;;;0541340N;12;pr;pr;-0,71512;214,2268809
CG10541340N3131;1;0;1;1;0;1;1;1;0;1;0;0;0;1;0;1;1;1;1;1;1;0;1;1;16;2;2;1;5;4;0541340N;12;pr;pr;-0,421337;227,3979942
CG10541340N3271;1;1;1;1;1;1;1;1;1;1;1;1;1;0;0;1;0;0;1;1;1;1;1;1;20;;;;;;;;;;;
CG10541995A3091;1;0;0;1;1;1;1;0;0;1;1;1;1;0;1;1;1;0;1;1;1;1;1;1;18;2;2;1;;3;0541995A;12;pr;pr;0,202934;255,3858086
CG10541995A3151;1;0;0;1;0;0;1;1;1;1;1;0;1;1;;;;;1;1;1;1;;;13;2;1;1;3;3;0541995A;12;pr;pr;-0,546826;221,7719714
CG10541995A3171;1;1;1;1;1;1;1;1;1;1;1;1;1;1;1;1;1;1;1;1;1;1;1;1;24;2;2;1;3;;0541995A;12;pr;pr;1,969673;334,593658
CG10541995A3251;0;0;1;1;1;1;1;1;1;1;1;1;1;1;0;1;1;0;1;1;1;1;1;1;20;2;2;1;3;;0541995A;12;pr;pr;0,251513;257,563741
CG10541995A3291;0;1;1;0;1;1;1;0;1;1;1;1;1;1;1;1;1;0;1;1;1;1;1;1;20;1;2;1;4;4;0541995A;12;pr;pr;0,852185;284,4935463
CG10550013R3171;1;1;1;1;1;1;1;1;1;1;1;1;1;1;0;1;1;0;1;1;1;0;1;1;21;1;2;1;6;7;0550013R;12;pu;pu;0,451974;266,5509682
CG10550013R3211;1;0;0;1;1;1;1;1;1;1;1;1;1;0;0;0;0;1;0;1;1;1;1;1;17;1;2;1;;;0550013R;12;pu;pu;0,149133;252,9737594
CG10550013R3231;1;0;0;1;0;0;1;1;1;1;1;1;1;1;0;1;0;1;0;1;1;1;1;1;17;1;2;1;;;0550013R;12;pu;pu;-0,335744;231,2353677
CG10550013R3251;1;0;1;0;1;0;1;1;1;0;1;1;1;1;0;0;0;1;0;1;1;0;1;1;15;1;2;1;1;;0550013R;12;pu;pu;-0,406745;228,0521943
CG10550013R3282;1;0;1;1;1;1;1;1;0;1;1;1;1;0;0;1;0;1;1;1;1;0;1;1;18;2;2;1;3;5;0550013R;12;pu;pu;-0,648031;217,2346683
CG10550013R3302;1;0;1;1;0;0;1;1;1;1;1;1;1;1;0;0;0;0;1;1;1;1;1;1;17;1;2;1;;;0550013R;12;pu;pu;0,768559;280,7443589
CG10560061M3011;1;1;1;1;1;1;1;1;1;1;1;1;1;0;0;1;;;1;1;1;1;0;;18;2;2;1;3;7;0560061M;14;pu;pu;1,318015;305,3780077
CG10560061M3031;1;1;0;0;0;0;0;0;1;0;0;0;0;0;0;0;0;0;0;1;1;0;0;0;5;1;1;1;5;2;0560061M;14;pu;pu;-2,755047;122,7712496
CG10560061M3042;1;0;1;0;1;1;1;1;0;1;1;0;0;0;0;1;0;0;1;1;1;1;1;1;15;2;2;1;3;6;0560061M;14;pu;pu;0,749134;279,8734819
CG10560061M3262;1;0;0;0;1;0;0;1;0;1;1;0;1;1;0;1;0;0;1;1;0;1;1;0;12;1;2;1;4;5;0560061M;14;pu;pu;-0,395654;228,5494349
CG10560061M3282;1;0;1;0;1;1;1;1;0;1;1;1;1;1;0;1;0;0;1;1;1;1;1;0;17;1;1;1;;7;0560061M;14;pu;pu;-0,130274;240,4471623
CG10560171G3051;1;0;0;1;0;0;0;1;0;1;1;0;1;0;0;0;0;0;1;1;1;1;0;0;10;1;1;1;;;0560171G;14;pr;pr;0,94149;288,4973392
CG10560171G3071;1;1;0;0;1;0;0;1;1;0;1;0;1;1;0;0;0;0;1;1;1;1;0;0;12;1;2;1;1;1;0560171G;14;pr;pr;0,595767;272,9976104
CG10560171G3091;1;0;0;1;0;0;0;1;0;1;1;1;0;1;0;0;0;0;0;1;1;1;0;1;11;2;2;1;;;0560171G;14;pr;pr;-0,0767;242,8490345
CG10560171G3211;1;0;0;1;1;1;0;0;1;1;1;0;0;0;1;0;1;1;0;1;1;0;0;0;12;2;2;1;6;4;0560171G;14;pr;pr;-0,637397;217,7114203
CG10560171G3271;1;1;0;0;1;1;0;1;1;1;1;0;1;1;0;0;0;0;1;1;1;0;0;0;13;1;2;1;6;;0560171G;14;pr;pr;0,77233;280,9134234
CG10570327W3011;1;1;0;1;1;1;0;1;1;1;1;0;1;1;0;0;1;0;1;1;1;1;1;1;18;2;2;1;6;4;0570327W;12;pu;pu;1,588823;317,5190876
CG10570327W3031;1;1;0;1;1;0;0;1;1;1;1;1;1;0;0;0;0;0;1;1;1;1;0;1;15;2;2;1;4;4;0570327W;12;pu;pu;2,020852;336,8881556
CG10570327W3071;1;1;0;1;1;0;0;1;1;1;1;1;0;1;0;1;0;1;1;1;1;0;0;0;15;1;2;1;4;7;0570327W;12;pu;pu;0,046652;248,3792496
CG10570327W3191;1;1;1;1;1;1;1;1;1;1;1;1;0;1;0;1;0;1;1;1;1;1;1;0;20;1;2;1;4;4;0570327W;12;pu;pu;0,688197;277,1415058
CG10570327W3291;1;1;1;1;1;1;0;0;1;1;1;0;0;0;0;1;0;0;1;1;1;1;0;0;14;1;1;1;4;;0570327W;12;pu;pu;-0,296211;233,0077426
CG10572579U3122;1;1;0;1;1;0;1;1;1;1;1;0;1;1;0;0;0;1;0;1;1;1;1;1;17;1;2;3;;7;0572579U;12;pu;ep;-0,321629;231,8681826
CG10572579U3162;1;0;0;0;0;0;1;0;1;1;1;0;0;0;0;0;0;1;0;1;1;1;0;1;10;1;1;3;7;7;0572579U;12;pu;ep;-1,383011;184,2834598
CG10572579U3191;0;0;0;0;1;0;0;0;0;1;0;0;0;0;0;0;0;0;0;0;1;0;0;0;3;1;1;1;7;7;0572579U;12;pu;ep;-2,635458;128,1327589
CG10572587C3011;1;0;0;1;1;1;1;1;0;1;1;0;0;0;0;0;0;1;0;1;1;1;0;0;12;1;2;1;;;0572587C;12;pu;pu;-0,782583;211,2023259
CG10572587C3031;1;1;1;1;1;1;1;1;1;1;1;1;0;0;1;1;0;0;1;1;1;1;0;1;19;1;2;1;;;0572587C;12;pu;pu;0,576024;272,1124765
CG10572587C3111;1;1;1;1;1;1;1;0;1;0;1;0;0;0;0;0;0;0;1;1;1;1;0;0;13;1;2;3;;;0572587C;12;pu;pu;-0,85927;207,7642333
CG10572587C3202;1;0;0;1;1;0;0;0;1;0;1;0;1;0;0;1;0;1;0;1;1;0;1;1;12;2;2;3;;;0572587C;12;pu;pu;-0,728063;213,64661
CG10572587C3282;1;1;0;1;;;;;;;;;;;;;;;0;1;1;1;;;6;;;;;;;;;;;
CG10572932C3031;1;1;0;1;1;0;0;1;1;1;1;1;1;1;1;1;1;0;1;1;1;0;0;1;18;2;1;1;3;4;0572932C;12;pr;pr;0,473992;267,5380967
CG10572932C3071;1;0;0;0;1;1;1;1;1;0;1;1;1;1;0;0;0;0;1;1;1;1;1;1;16;1;2;1;5;5;0572932C;12;pr;pr;0,55252;271,0587265
CG10572932C3102;1;0;0;1;1;1;1;1;1;1;1;1;1;0;1;0;;;1;1;1;1;1;;17;2;1;1;;;0572932C;12;pr;pr;0,279217;258,8057888
CG10572932C3122;1;1;1;1;1;0;1;1;1;0;1;1;1;1;1;0;0;0;1;1;1;1;1;1;19;2;2;1;4;4;0572932C;12;pr;pr;0,151543;253,0818064
CG10572932C3302;1;1;0;1;1;1;1;1;1;1;1;1;1;1;0;0;0;0;1;1;1;0;1;1;18;1;2;1;;;0572932C;12;pr;pr;0,011989;246,8252104
CG10590031N3042;0;0;0;0;1;1;0;;;;;;;;;;;;1;1;1;0;;;5;1;2;1;;7;0590031N;9;pu;ep;-0,749168;212,7004138
CG10590031N3051;0;0;0;1;0;0;0;;;;;;;;;;;;0;1;0;1;;;3;1;2;1;4;5;0590031N;9;pu;ep;-1,840697;163,7641167
CG10590031N3242;0;1;0;1;0;0;1;1;0;0;1;0;1;0;0;0;0;0;1;1;1;0;0;0;9;2;2;1;4;6;0590031N;9;pu;ep;-1,324515;186,9059991
CG10590031N3291;0;0;1;1;0;0;0;0;0;0;1;0;0;0;0;0;0;0;0;1;1;0;1;0;6;1;2;1;6;7;0590031N;9;pu;ep;-1,254767;190,0329969
CG10592899F3011;1;0;0;0;1;0;0;0;0;0;0;0;0;1;0;0;0;1;0;0;1;1;1;0;7;1;1;1;5;7;0592899F;9;pr;pr;0,272989;258,5265702
CG10592899F3042;1;0;1;1;1;1;1;1;1;1;1;1;0;1;0;1;1;1;1;1;1;1;1;1;21;2;2;1;2;5;0592899F;9;pr;pr;1,472087;312,2854863
CG10592899F3051;1;1;1;1;1;1;1;1;1;1;1;1;1;1;0;0;0;1;1;1;1;1;1;0;20;1;2;1;5;7;0592899F;9;pr;pr;1,388534;308,5395717
CG10592899F3111;1;1;0;1;1;1;0;1;0;0;1;0;0;0;0;1;0;0;0;1;1;1;1;0;12;1;2;1;;4;0592899F;9;pr;pr;-0,341765;230,9654294
CG10592899F3231;0;0;1;1;0;1;1;1;1;1;1;0;0;1;0;0;;;0;1;0;1;;;11;2;1;1;5;6;0592899F;9;pr;pr;-0,551819;221,5481213
CG10592899F3251;1;0;1;1;1;1;0;1;1;1;1;0;1;1;0;0;;;1;1;1;1;;;15;2;1;1;6;5;0592899F;9;pr;pr;-0,142055;239,9189871
CG10592899F3291;1;1;1;1;1;1;1;1;0;1;1;1;0;1;0;1;;;1;1;1;1;;;17;2;2;1;4;6;0592899F;9;pr;pr;-0,740349;213,0957942
CG10593237Y3062;1;0;0;0;1;0;0;1;1;0;1;0;0;0;0;0;0;0;0;1;1;0;1;0;8;1;2;1;4;4;0593237Y;9;pu;pu;-1,001109;201,4051943
CG10593237Y3111;1;1;1;1;1;1;1;1;1;1;0;1;1;1;0;0;0;1;1;1;1;1;0;1;19;1;2;1;3;5;0593237Y;9;pu;pu;0,938762;288,3750353
CG10593237Y3122;1;1;1;1;1;1;1;0;1;1;1;1;0;0;0;1;1;0;1;1;1;1;1;1;19;2;2;1;6;5;0593237Y;9;pu;pu;0,404846;264,4380882
CG10593237Y3191;0;1;0;0;0;0;0;0;0;0;0;0;0;0;0;0;0;0;0;1;1;1;0;0;4;1;1;1;5;5;0593237Y;9;pu;pu;-1,582624;175,3342509
CG10593237Y3271;0;0;0;0;1;0;0;1;1;0;1;1;0;0;0;0;0;1;0;1;1;0;1;1;10;2;2;1;5;4;0593237Y;9;pu;pu;-0,153313;239,4142595
CG10593237Y3302;1;0;0;1;0;0;0;0;0;1;0;0;0;1;0;0;0;1;1;1;1;0;0;0;8;1;2;1;3;3;0593237Y;9;pu;pu;-1,463564;180,6720436
CG10593487V3071;1;1;0;0;1;1;1;1;1;1;1;1;1;0;0;0;1;0;0;1;1;1;1;1;17;1;2;1;;5;0593487V;9;pu;pu;0,639464;274,9566691
CG10593487V3091;0;1;0;1;1;0;1;1;0;1;1;1;1;0;0;0;0;0;1;1;1;1;0;0;13;2;2;1;6;5;0593487V;9;pu;pu;-0,749544;212,6835567
CG10593487V3151;1;1;1;1;1;1;1;1;1;1;1;1;1;0;0;1;0;0;1;1;1;1;0;1;19;2;2;3;6;5;0593487V;9;pu;pu;0,63653;274,8251297
CG10593487V3191;0;0;0;0;0;0;1;1;0;0;1;0;0;1;0;1;0;1;1;1;0;0;0;0;8;2;1;1;7;;0593487V;9;pu;pu;-1,872886;162,3209939
CG10593678C3011;1;0;0;1;1;0;0;0;1;1;0;1;0;0;0;0;0;1;0;1;1;0;1;0;10;1;2;3;7;7;0593678C;9;pu;ep;-1,550863;176,7581854
CG10593678C3051;0;0;0;0;0;0;1;1;1;1;1;0;0;0;0;0;0;1;1;1;0;0;0;0;8;1;1;1;4;5;0593678C;9;pu;ep;-2,013884;155,9996593
CG10593678C3151;1;0;1;1;1;1;1;1;1;1;1;1;1;1;0;0;1;0;1;1;1;1;1;1;20;2;2;1;5;5;0593678C;9;pu;ep;0,650351;275,4447638
CG10593678C3231;1;0;1;0;1;1;1;1;1;1;1;0;0;0;0;0;0;0;1;1;1;0;0;1;13;1;2;1;3;4;0593678C;9;pu;ep;0,998284;291,043573
CG10593678C3271;0;0;0;1;0;0;1;;;;;;;;;;;;1;1;1;1;;;6;1;2;3;4;3;0593678C;9;pu;ep;0,440176;266,0220308
CG10593680E3022;1;0;0;0;0;1;1;1;0;0;0;0;1;0;0;0;0;1;0;1;1;1;1;0;10;1;1;1;6;7;0593680E;9;pu;ep;-1,176577;193,5384733
CG10593680E3102;1;0;1;1;1;1;1;1;1;1;1;0;1;1;0;1;1;1;1;1;1;1;1;1;21;2;2;1;;7;0593680E;9;pu;ep;1,090269;295,1675177
CG10593680E3111;1;1;1;1;1;1;1;0;1;1;1;1;1;1;1;0;0;0;1;1;1;1;1;1;20;1;2;1;4;5;0593680E;9;pu;ep;0,225403;256,3931567
CG10593680E3142;1;0;0;1;1;0;1;0;1;1;1;0;1;0;0;1;0;0;0;1;0;1;1;1;13;1;2;1;6;;0593680E;9;pu;ep;-0,506415;223,5837096
CG10593680E3162;1;0;0;1;1;1;1;1;1;1;1;1;1;1;0;1;1;0;1;1;1;1;1;1;20;2;2;1;6;7;0593680E;9;pu;ep;0,62399;274,2629264
CG10593680E3242;1;1;0;1;1;1;1;1;1;1;1;1;1;1;1;0;0;1;1;1;1;1;1;1;21;2;2;1;6;7;0593680E;9;pu;ep;0,228562;256,5347835
CG10593680E3291;1;1;0;1;1;1;1;1;1;0;1;0;1;1;0;1;1;1;1;1;1;1;1;1;20;2;2;1;5;5;0593680E;9;pu;ep;0,166828;253,7670757
CG10594866U3062;1;0;1;1;1;1;1;1;1;0;1;0;0;1;0;1;0;0;0;1;1;1;1;0;15;2;2;1;3;3;0594866U;9;pu;pu;-0,544711;221,8667928
CG10594866U3102;1;0;0;1;1;1;1;1;0;1;1;0;1;0;0;1;0;1;1;1;1;1;1;1;17;2;2;1;4;4;0594866U;9;pu;pu;-0,462942;225,5327257
CG10594866U3131;1;0;1;1;0;1;1;1;1;1;1;1;1;0;0;1;0;0;1;1;1;1;1;1;18;1;2;1;6;7;0594866U;9;pu;pu;0,722881;278,6964865
CG10594866U3302;1;0;1;1;1;0;1;1;1;1;1;0;1;1;0;0;0;0;1;1;1;0;1;0;15;1;2;1;4;4;0594866U;9;pu;pu;-0,601134;219,3371919
CG10595302T3031;0;0;0;1;1;1;1;0;1;1;1;0;1;1;1;0;0;0;0;1;1;1;0;0;13;1;2;3;4;5;0595302T;9;pr;pr;1,614112;318,6528641
CG10595302T3082;1;0;1;1;1;0;1;1;1;1;1;1;1;1;0;0;0;0;1;1;1;0;0;0;15;1;2;1;2;;0595302T;9;pr;pr;1,267563;303,1161035
CG10595302T3102;1;1;1;1;1;1;1;1;1;1;1;1;1;0;0;0;0;0;1;1;1;1;0;0;17;2;2;1;5;5;0595302T;9;pr;pr;-0,797783;210,5208674
CG10595302T3142;1;0;0;1;1;1;0;0;1;1;1;1;0;0;0;1;1;1;1;1;1;1;1;1;17;2;2;1;3;4;0595302T;9;pr;pr;1,406561;309,3477725
CG10595302T3191;1;0;0;0;0;1;0;1;1;1;1;0;1;0;1;0;0;0;1;1;1;1;0;0;12;1;1;1;4;4;0595302T;9;pr;pr;0,258888;257,8943829
CG10595398X3091;1;1;1;1;1;1;1;1;1;1;1;0;0;0;0;1;0;1;1;1;1;1;1;1;19;2;2;1;4;7;0595398X;9;pr;pr;0,013388;246,8879315
CG10595398X3202;0;0;1;0;1;0;1;1;1;1;1;1;0;0;0;0;1;1;1;1;1;1;1;1;16;1;2;1;4;4;0595398X;9;pr;pr;0,870831;285,3294986
CG10595399Y3051;0;1;1;1;0;0;0;1;1;1;1;1;1;0;0;1;0;0;1;1;1;0;1;0;14;2;2;1;4;7;0595399Y;9;pr;pr;-0,838014;208,7171992
CG10595399Y3071;1;1;0;1;1;1;1;1;1;0;1;0;1;1;0;1;0;1;1;1;1;1;1;1;19;1;2;1;3;5;0595399Y;9;pr;pr;0,720729;278,6000063
CG10595399Y3091;1;0;0;1;1;0;0;1;0;0;1;1;1;0;0;0;0;1;1;1;1;0;0;0;11;1;2;1;2;4;0595399Y;9;pr;pr;-1,133139;195,4859203
CG10595399Y3151;1;1;1;1;1;1;1;1;1;1;1;1;1;1;0;0;0;1;1;1;1;1;1;1;21;2;2;1;3;3;0595399Y;9;pr;pr;0,51475;269,3653918
CG10595399Y3211;1;0;0;0;1;1;1;1;1;1;1;1;1;0;0;0;0;0;0;1;1;0;1;0;13;2;2;1;4;;0595399Y;9;pr;pr;-0,621431;218,4272207
CG10595399Y3271;0;0;1;1;1;1;0;1;1;1;1;0;1;0;0;0;0;1;1;1;1;0;0;0;13;2;1;1;;4;0595399Y;9;pr;pr;-1,29353;188,2951433
CG10601142R3031;1;1;1;1;1;1;1;1;1;1;1;1;1;1;1;1;1;0;1;1;1;0;1;1;22;1;2;1;;3;0601142R;20;pr;pr;1,694863;322,2731573
CG10601142R3131;1;0;1;1;1;1;0;1;1;0;1;1;1;1;0;0;0;0;1;1;1;0;0;0;14;1;1;1;;;0601142R;20;pr;pr;-0,076358;242,8643673
CG10601142R3151;1;1;1;1;1;1;1;1;1;1;1;1;1;1;0;0;1;1;1;1;1;1;0;1;21;1;2;1;3;;0601142R;20;pr;pr;-0,321315;231,8822601
CG10601142R3271;1;0;1;1;0;0;1;1;1;1;1;0;1;1;0;0;0;0;1;1;1;1;1;0;15;1;2;1;;4;0601142R;20;pr;pr;0,530482;270,0707013
CG10601142R3291;1;0;1;1;1;1;1;1;0;1;1;1;1;1;0;1;1;1;1;1;1;1;1;1;21;2;2;1;2;2;0601142R;20;pr;pr;-0,62972;218,0556016
CG10601150Z3031;0;0;0;1;1;0;0;0;1;0;1;0;0;1;0;0;0;0;1;1;1;0;0;0;8;2;1;1;;;0601150Z;20;pr;pr;-1,101534;196,9028608
CG10601150Z3051;1;1;0;0;1;0;1;1;1;1;1;1;1;0;0;0;0;0;1;1;1;0;1;0;14;1;2;1;;;0601150Z;20;pr;pr;0,539876;270,4918606
CG10601150Z3111;1;1;1;1;1;1;1;1;1;1;1;1;1;0;0;0;1;1;1;1;1;1;1;1;21;2;2;1;;;0601150Z;20;pr;pr;1,364023;307,440675
CG10601150Z3191;1;1;1;1;1;1;1;1;1;1;1;1;1;0;0;0;0;1;1;1;1;1;1;1;20;2;2;1;;;0601150Z;20;pr;pr;-0,412462;227,7958853
CG10601150Z3271;1;0;1;1;1;1;1;1;1;1;1;1;1;1;0;0;0;0;1;1;1;0;0;1;17;2;2;1;;;0601150Z;20;pr;pr;0,412498;264,7811487
CG10601191U3042;0;1;0;;;;;;;;;;;;;;;;1;1;;;;;3;2;1;1;;4;0601191U;20;pu;ep;-1,581144;175,4006035
CG10601191U3191;1;1;0;0;1;0;0;;;;;;;;;;;;0;1;1;0;;;5;1;1;1;3;5;0601191U;20;pu;ep;-0,392166;228,7058117
CG10601191U3251;1;0;0;0;1;0;0;;;;;;;;;;;;0;1;1;0;;;4;2;2;3;2;2;0601191U;20;pu;ep;-0,801788;210,3413121
CG10601191U3302;1;1;0;1;1;1;1;;;;;;;;;;;;0;1;1;0;;;8;2;2;1;5;5;0601191U;20;pu;ep;-0,7823;211,2150136
CG10601443T3011;1;0;0;1;1;1;0;1;1;1;1;0;1;0;0;1;1;0;0;1;1;1;1;1;16;2;2;1;;4;0601443T;20;pu;pu;-0,282632;233,6165272
CG10601443T3042;1;0;0;1;1;1;1;0;1;1;0;1;1;0;0;0;0;0;1;1;1;1;0;0;13;1;1;1;;;0601443T;20;pu;pu;0,355131;262,2092257
CG10601443T3111;0;0;1;1;1;1;1;1;1;1;1;1;1;0;0;0;0;1;1;1;1;1;0;0;16;1;2;1;5;5;0601443T;20;pu;pu;-0,243914;235,3523634
CG10601443T3151;1;0;1;1;1;0;1;0;0;1;0;0;1;0;0;0;0;0;0;1;1;1;0;1;11;2;1;1;6;5;0601443T;20;pu;pu;-0,46835;225,2902699
CG10601443T3182;1;1;1;1;1;1;1;1;1;1;1;1;1;0;1;1;1;1;1;1;1;1;1;1;23;1;2;1;;3;0601443T;20;pu;pu;2,821636;372,7895414
CG10620055Y3051;1;0;0;1;1;1;1;;;;;;;;;;;;1;1;1;0;;;8;1;2;1;6;5;0620055Y;9;pu;ep;-0,098959;241,8511013
CG10620055Y3062;0;0;0;0;0;1;0;;;;;;;;;;;;0;1;1;1;;;4;2;1;1;3;7;0620055Y;9;pu;ep;-1,296325;188,1698356
CG10620055Y3082;1;1;1;1;1;1;1;;;;;;;;;;;;1;1;1;0;;;10;2;2;1;;6;0620055Y;9;pu;ep;-1,035311;199,871823
CG10620055Y3091;1;1;1;0;0;1;1;;;;;;;;;;;;1;1;1;1;;;9;1;2;1;6;7;0620055Y;9;pu;ep;0,088807;250,2691761
CG10620055Y3302;1;0;0;1;1;1;1;;;;;;;;;;;;1;1;1;1;;;9;1;2;1;;7;0620055Y;9;pu;ep;-0,504131;223,6861077
CG10620099W3142;1;0;0;1;1;1;1;1;1;1;1;1;1;1;0;0;0;1;1;1;1;1;1;1;19;2;2;1;;;0620099W;9;pu;pu;-0,266498;234,3398595
CG10620099W3171;1;1;1;1;1;1;1;1;1;1;1;1;1;1;0;1;0;1;1;1;1;1;1;1;22;2;2;1;;;0620099W;9;pu;pu;1,303412;304,7233144
CG10620099W3202;1;1;0;1;1;0;0;0;1;1;1;0;0;0;0;0;0;0;1;1;1;1;1;0;12;1;2;1;;;0620099W;9;pu;pu;-0,93465;204,3847371
CG10620170Y3011;1;1;0;1;0;0;0;1;1;0;0;0;0;0;0;0;0;0;0;1;0;0;0;0;6;1;1;3;7;7;0620170Y;9;pu;ep;-1,748274;167,9076982
CG10620170Y3031;0;1;1;1;1;0;0;1;1;1;1;1;0;1;0;0;1;0;0;1;1;1;1;0;15;1;1;1;4;5;0620170Y;9;pu;ep;-0,647111;217,2759145
CG10620170Y3051;1;0;0;0;0;0;0;1;1;0;0;0;1;1;0;0;0;0;0;0;1;0;0;0;6;1;1;3;7;7;0620170Y;9;pu;ep;-1,208376;192,1128352
CG10620170Y3071;1;0;0;1;0;0;0;1;0;0;1;0;0;1;0;0;0;0;1;1;1;0;0;0;8;2;1;1;6;7;0620170Y;9;pu;ep;-1,428828;182,2293556
CG10620170Y3191;1;1;1;1;0;1;1;1;1;1;1;0;0;0;0;0;;;1;1;1;1;1;;15;1;1;1;6;;0620170Y;9;pu;ep;0,338484;261,4628941
CG10620170Y3251;1;0;0;0;1;0;0;0;0;1;1;0;0;0;0;0;0;1;1;1;1;1;1;0;10;1;1;1;6;5;0620170Y;9;pu;ep;-1,575697;175,6448077
CG10622262X3051;1;0;0;0;0;0;0;0;1;1;1;0;1;1;1;0;0;1;1;1;1;1;1;1;14;2;2;1;2;4;0622262X;9;pu;ep;-0,246915;235,2178201
CG10622262X3222;0;0;0;1;1;0;1;0;0;1;1;0;1;0;0;1;0;0;0;1;1;0;1;0;10;2;2;1;4;5;0622262X;9;pu;ep;-0,363847;229,9754316
CG10622262X3271;0;0;1;1;1;1;1;1;1;1;1;1;1;0;1;0;0;;0;1;1;0;0;;14;1;2;1;3;6;0622262X;9;pu;ep;0,075524;249,6736621
CG10622262X3302;1;1;1;1;1;0;1;1;0;1;1;1;0;0;1;0;0;;1;1;1;1;0;0;15;1;2;3;7;7;0622262X;9;pu;ep;-1,090891;197,3800162
CG10622428C3051;0;0;1;1;1;1;1;1;1;1;1;0;0;1;0;;;;1;1;0;0;;;12;2;2;1;3;5;0622428C;9;pu;pu;-0,244313;235,3344751
CG10622428C3071;1;1;0;1;1;1;1;1;0;;;;;;;;;;1;1;1;1;;;11;2;2;1;7;7;0622428C;9;pu;pu;0,069664;249,4109419
CG10622428C3091;1;0;1;1;1;1;1;1;0;1;1;1;0;0;;;;;1;1;1;1;;;14;2;2;1;4;4;0622428C;9;pu;pu;-0,158672;239,1740006
CG10622428C3151;1;1;0;1;1;1;1;1;0;;;;;;;;;;1;1;1;1;;;11;;;;;;;;;;;
CG10622428C3291;1;0;0;0;1;0;0;1;1;;;;;;;;;;1;1;0;1;;;7;2;2;1;;7;0622428C;9;pu;pu;-1,161479;194,2153588
CG10622576N3111;0;0;0;1;1;0;0;1;0;0;1;0;0;1;0;0;0;0;0;1;1;0;1;1;9;2;2;1;2;7;0622576N;9;pu;ep;-1,309696;187,5703763
CG10622576N3122;0;0;1;0;0;1;1;1;1;1;1;0;1;0;0;1;0;0;0;1;1;0;0;0;11;2;2;1;6;7;0622576N;9;pu;ep;-0,81875;209,5808582
CG10622576N3151;1;0;0;0;0;0;1;1;0;1;1;0;0;0;0;0;0;0;0;1;1;0;1;0;8;1;1;1;6;6;0622576N;9;pu;ep;-2,734798;123,6790689
CG10622576N3291;0;0;0;1;1;1;0;1;1;1;1;1;1;1;0;1;0;0;1;1;1;1;1;1;17;2;2;1;;5;0622576N;9;pu;ep;-0,458764;225,7200371
CG10623570U3011;1;1;1;1;1;1;1;1;1;1;1;1;1;0;1;0;0;0;1;1;1;1;1;1;20;1;2;1;;4;0623570U;9;pr;pr;1,16258;298,4094221
CG10623570U3042;1;1;0;1;1;1;1;1;0;1;1;0;1;0;0;1;0;1;0;1;1;1;0;1;16;1;2;1;6;7;0623570U;9;pr;pr;0,080414;249,8928945
CG10623570U3091;1;1;1;1;1;1;1;1;1;1;1;1;1;1;1;1;1;1;1;1;1;1;1;1;24;1;2;1;3;2;0623570U;9;pr;pr;-0,782025;211,2273426
CG10623570U3162;1;1;0;1;1;1;1;1;1;1;1;1;1;1;0;1;0;0;1;1;1;0;1;0;18;1;1;1;6;6;0623570U;9;pr;pr;-0,069556;243,16932
CG10631762Y3131;0;0;1;1;1;1;1;1;1;1;1;1;1;1;0;1;0;0;0;1;1;1;1;1;18;1;1;1;;6;0631762Y;6;pu;ep;-0,447297;226,2341348
CG10631762Y3151;1;1;1;0;1;1;1;1;1;1;1;0;1;1;0;0;0;1;1;1;1;1;1;1;19;2;1;1;6;4;0631762Y;6;pu;ep;-0,395234;228,5682647
CG10631762Y3271;1;1;1;0;1;0;0;0;0;1;0;1;1;0;0;0;0;0;1;1;0;0;0;0;9;1;2;1;3;3;0631762Y;6;pu;ep;-1,028352;200,1838145
CG10641405E3031;1;0;1;1;1;1;1;1;1;1;1;1;1;1;0;1;0;1;1;1;1;1;1;1;21;2;2;1;4;5;0641405E;4;pr;pr;0,260663;257,9739611
CG10641405E3091;0;1;0;0;1;1;1;1;1;1;0;0;1;0;0;0;1;0;0;1;1;0;1;1;13;2;1;1;;;0641405E;4;pr;pr;-0,840943;208,585884
CG10641405E3111;1;1;0;1;1;1;1;1;1;1;1;1;1;0;1;0;0;;1;1;1;0;1;;17;2;2;1;;;0641405E;4;pr;pr;-0,349949;230,5985178
CG10660022R3082;0;0;0;1;0;0;0;0;1;1;1;0;0;0;0;0;0;1;0;1;1;0;0;0;7;;;;;;;;;;;
CG10660022R3211;0;0;0;0;1;1;0;1;0;1;1;0;1;0;0;0;0;0;1;0;1;1;1;1;11;1;1;1;6;5;0660022R;11;pu;pu;-1,018258;200,6363567
CG10660022R3231;1;0;0;1;1;1;1;1;1;1;1;0;0;1;0;0;0;1;1;1;1;0;1;0;15;1;2;1;;7;0660022R;11;pu;pu;0,94718;288,7524378
CG10660058E3011;1;1;1;1;1;1;1;1;1;1;1;1;1;1;0;0;1;1;1;1;1;1;1;1;22;1;1;1;2;7;0660058E;11;pr;pr;0,722711;278,6888649
CG10660058E3051;1;1;1;1;1;1;1;1;1;1;1;1;1;1;0;0;1;0;1;1;1;0;1;1;20;2;2;1;2;2;0660058E;11;pr;pr;1,523518;314,5912818
CG10660058E3151;1;0;1;1;1;1;1;1;1;1;1;1;1;1;1;1;1;1;1;1;1;1;1;0;22;1;2;1;2;3;0660058E;11;pr;pr;1,347755;306,7113351
CG10660058E3211;1;1;1;1;0;1;0;1;1;0;1;0;0;0;0;0;0;0;1;1;1;0;0;0;11;2;1;1;2;2;0660058E;11;pr;pr;-1,434872;181,9583862
CG10660058E3231;1;0;1;1;1;1;1;1;1;1;1;1;1;0;0;0;0;0;1;1;1;0;0;1;16;2;2;1;2;6;0660058E;11;pr;pr;1,013044;291,7053051
CG10672136H3011;0;0;0;0;0;0;1;0;0;0;1;0;0;0;0;0;;;0;0;0;1;1;;4;1;2;3;3;7;0672136H;15;pu;pu;0,668947;276,2784744
CG10672136H3131;1;1;0;1;1;0;0;1;1;1;1;0;0;1;0;0;0;0;0;1;0;0;0;0;10;1;1;1;4;5;0672136H;15;pu;pu;-0,701198;214,851043
CG10672136H3151;1;0;0;0;0;0;0;0;0;1;1;0;0;1;0;0;0;0;0;1;0;0;0;0;5;1;1;1;4;;0672136H;15;pu;pu;-1,372722;184,7447445
CG10672136H3171;1;1;1;1;0;0;0;1;1;1;1;1;1;1;0;0;0;0;0;1;0;0;1;1;14;1;2;1;4;5;0672136H;15;pu;pu;-0,29013;233,2803709
CG10672136H3291;1;1;1;1;1;0;1;1;0;1;1;0;1;1;0;1;0;0;0;1;1;1;1;0;16;2;2;3;6;6;0672136H;15;pu;pu;-0,775028;211,5410377
CG10680009R3031;0;0;0;0;1;0;1;0;0;0;1;0;0;0;0;0;0;0;0;1;1;1;1;0;7;1;1;3;;;0680009R;15;pu;ep;-1,515112;178,3610026
CG10680009R3051;1;0;1;1;1;1;1;;;;;;;;;;;;1;1;1;1;;;10;2;1;1;;;0680009R;15;pu;ep;-1,992579;156,954822
CG10680009R3211;1;0;0;1;0;1;0;1;1;0;1;1;1;0;1;0;;;1;1;1;1;1;;14;1;1;3;;7;0680009R;15;pu;ep;-0,535393;222,2845448
CG10680009R3251;0;0;0;1;1;0;0;0;1;1;1;1;1;1;0;0;0;0;1;1;1;1;0;1;13;1;2;1;3;4;0680009R;15;pu;ep;2,405401;354,1285625
CG10680133A3011;1;0;0;1;0;0;0;0;0;1;0;0;0;0;0;0;0;0;0;1;1;1;0;0;6;1;1;1;;;0680133A;15;pr;pr;-1,889086;161,5947026
CG10680133A3071;1;0;0;1;1;1;1;1;1;1;1;1;1;1;0;1;1;1;1;1;1;1;1;1;21;1;2;1;;;0680133A;15;pr;pr;1,251319;302,3878396
CG10680133A3171;1;1;0;1;1;1;1;1;0;1;1;1;1;0;0;0;0;0;1;1;1;1;1;1;17;2;2;1;;;0680133A;15;pr;pr;0,422877;265,2464683
CG10680133A3231;1;0;0;1;0;0;1;1;1;1;1;1;1;0;0;1;0;0;0;1;1;1;0;0;13;2;1;1;;;0680133A;15;pr;pr;-0,277183;233,8608211
CG10681284B3151;1;0;0;0;0;1;1;1;0;1;1;1;1;0;0;1;0;;0;1;1;1;0;;12;2;2;3;6;;0681284B;15;pu;ep;-1,021235;200,5028895
CG10681284B3171;1;0;0;0;0;0;0;1;1;1;1;0;0;0;0;;;;0;1;1;0;;;7;2;2;3;7;7;0681284B;15;pu;ep;-0,091908;242,1672174
CG10681284B3262;1;1;1;1;1;1;1;1;0;1;1;0;1;0;0;0;0;0;1;1;1;0;1;1;16;2;2;1;4;3;0681284B;15;pu;ep;1,637224;319,6890397
CG10681284B3271;0;1;0;1;0;0;1;0;0;1;0;0;0;0;0;0;0;0;0;0;1;1;0;0;6;1;2;3;6;7;0681284B;15;pu;ep;-1,577827;175,5493138
CG10681284B3282;0;0;0;0;0;0;0;0;0;0;0;0;0;0;0;0;0;0;0;1;1;0;0;1;3;1;1;3;;7;0681284B;15;pu;ep;-0,885632;206,5823511
CG10690016T3011;1;1;0;0;1;1;1;;;;;;;;;;;;1;1;0;1;;;8;1;2;1;6;6;0690016T;10;pu;pu;1,11349;296,2085801
CG10690016T3031;0;1;1;1;1;1;1;;;;;;;;;;;;1;1;1;1;;;10;2;2;1;2;3;0690016T;10;pu;pu;-0,171569;238,595792
CG10690016T3042;0;1;1;1;1;1;1;;;;;;;;;;;;1;1;1;1;;;10;1;2;1;6;7;0690016T;10;pu;pu;-0,176868;238,358223
CG10690016T3211;0;1;0;1;1;1;1;;;;;;;;;;;;0;1;1;0;;;7;1;2;1;2;4;0690016T;10;pu;pu;-0,645976;217,3267997
CG10690016T3242;1;1;0;1;1;1;1;;;;;;;;;;;;1;1;1;1;;;10;1;2;1;6;5;0690016T;10;pu;pu;2,488899;357,8720113
CG10690016T3282;1;1;0;1;1;1;0;;;;;;;;;;;;1;1;1;1;;;9;2;2;1;6;7;0690016T;10;pu;pu;0,447639;266,356618
CG10690280E3131;1;1;0;1;1;1;1;0;0;0;0;0;1;0;1;1;1;0;1;1;1;0;1;1;15;;;;;;;;;;;
CG10690280E3191;1;0;0;1;1;0;0;1;0;1;1;1;1;0;0;0;0;0;1;1;1;0;1;1;13;2;1;1;;;0690280E;10;pu;ep;-0,042401;244,3867546
CG10690280E3271;1;1;0;1;0;1;0;1;1;1;1;0;0;0;0;1;0;0;1;1;1;0;1;1;14;2;1;1;;;0690280E;10;pu;ep;-1,17124;193,7777459
CG10690280E3291;1;0;1;1;1;1;1;1;1;0;1;1;1;1;0;0;0;0;1;1;1;0;0;0;15;1;1;2;;;0690280E;10;pu;ep;-0,588693;219,8949568
CG10691650U3011;1;0;0;1;0;0;0;0;1;1;1;0;1;0;0;1;0;0;1;1;1;0;0;0;10;2;2;1;3;3;0691650U;10;pr;pr;0,267973;258,3016889
CG10691650U3142;1;1;0;1;1;1;1;1;1;1;1;1;0;1;0;1;0;0;1;1;1;1;0;1;18;1;2;1;3;3;0691650U;10;pr;pr;1,270627;303,2534712
CG10691650U3222;0;0;0;0;1;0;0;1;1;1;1;1;0;1;0;0;0;0;0;1;0;1;1;1;11;2;2;1;2;3;0691650U;10;pr;pr;-0,732474;213,4488525
CG10691650U3262;0;0;0;1;1;1;0;1;1;1;1;1;1;1;0;0;0;1;1;1;1;1;0;1;16;2;1;1;3;3;0691650U;10;pr;pr;1,129626;296,9320021
CG10691674V3022;1;0;0;1;1;1;0;0;0;1;1;0;;;;;;;1;1;0;0;;;8;2;2;1;2;4;0691674V;10;pu;pu;-0,499628;223,8879897
CG10691674V3031;1;0;1;1;1;1;1;1;1;1;1;1;;;;;;;1;1;1;1;;;15;2;1;1;6;5;0691674V;10;pu;pu;-0,83898;208,6738907
CG10691674V3091;1;1;1;1;1;1;1;0;1;1;1;1;1;0;0;0;1;0;1;1;1;1;1;1;19;2;2;1;2;5;0691674V;10;pu;pu;0,051882;248,6137251
CG10691674V3222;1;1;1;1;1;1;1;1;1;1;1;1;1;1;1;0;;;1;1;1;1;1;;20;1;2;1;2;5;0691674V;10;pu;pu;0,881844;285,8232422
CG10691674V3302;1;1;1;1;1;1;1;1;0;1;1;1;1;0;0;0;0;0;1;1;1;1;1;0;17;2;2;1;;5;0691674V;10;pu;pu;0,074535;249,6293224
CG10692417C3042;0;0;0;1;0;0;0;1;1;1;1;0;0;1;0;0;0;0;0;1;1;0;0;1;9;2;2;1;2;;0692417C;10;pu;pu;-1,256018;189,9769111
CG10692417C3071;1;1;1;1;0;0;1;1;1;1;1;1;1;1;1;0;0;1;1;1;1;1;0;1;19;2;1;1;5;6;0692417C;10;pu;pu;0,660041;275,8791936
CG10692417C3091;0;0;0;0;0;0;1;1;0;0;1;0;1;0;0;0;0;0;0;1;0;1;0;1;7;2;1;1;3;;0692417C;10;pu;pu;-2,620135;128,8197318
CG10692417C3162;0;0;0;1;1;1;1;1;1;1;1;1;1;0;0;1;1;0;1;1;1;0;1;1;17;;;;;;;;;;;
CG10693137K3031;0;0;0;1;0;1;1;0;1;1;0;0;0;1;0;0;0;0;1;1;0;1;1;0;10;2;1;1;4;3;0693137K;10;pr;pr;1,436083;310,6713263
CG10693137K3091;1;1;1;1;1;1;1;1;1;1;0;1;1;1;0;0;0;0;1;1;1;0;1;0;17;1;2;1;3;3;0693137K;10;pr;pr;0,732103;279,1099345
CG10693137K3111;1;0;1;0;1;1;1;0;1;1;1;0;0;0;0;0;0;0;1;1;1;0;0;0;11;2;2;1;4;;0693137K;10;pr;pr;0,733276;279,1625234
CG10693137K3131;0;1;0;1;0;0;0;0;1;1;1;0;0;0;0;0;0;0;1;1;1;1;1;0;10;2;1;1;2;4;0693137K;10;pr;pr;0,848105;284,3106285
CG10710056A3051;0;1;0;0;0;0;0;1;0;0;0;0;1;0;1;0;0;0;0;1;1;0;1;0;7;1;2;1;;7;0710056A;7;pu;ep;-1,049764;199,2238546
CG10710056A3111;1;1;1;1;1;0;0;0;1;1;1;1;1;1;0;1;0;0;1;1;1;0;1;1;17;1;2;1;2;4;0710056A;7;pu;ep;0,584474;272,4913137
CG10710056A3251;0;1;0;1;1;1;1;1;1;1;1;1;1;0;0;0;0;0;1;1;0;1;0;0;14;1;2;1;;5;0710056A;7;pu;ep;-0,35882;230,2008061
CG10711348E3031;1;1;1;1;1;1;1;1;1;1;1;1;1;1;0;0;0;1;1;1;1;1;0;1;20;2;2;1;6;7;0711348E;7;pu;ep;-0,134568;240,2546503
CG10711348E3071;1;0;0;1;1;1;0;1;0;0;1;0;0;0;1;1;0;0;1;1;1;1;0;1;13;1;1;1;;4;0711348E;7;pu;ep;-0,802586;210,3055355
CG10711348E3131;1;0;1;1;1;1;1;1;1;1;1;1;1;0;0;0;1;1;1;1;1;1;1;1;20;1;2;1;3;5;0711348E;7;pu;ep;-0,656195;216,8686534
CG10711348E3231;0;0;0;0;1;0;1;1;1;1;1;1;0;0;0;0;0;0;0;1;0;0;1;1;10;1;2;1;4;7;0711348E;7;pu;ep;-1,237071;190,8263581
CG10711348E3291;1;0;1;1;1;1;1;1;1;1;1;1;1;1;1;0;1;1;1;1;1;1;1;1;22;1;2;1;3;3;0711348E;7;pu;ep;1,306189;304,8478151
CG10720797A3022;1;1;0;1;1;0;0;;;;;;;;;;;;1;1;1;1;;;8;1;1;2;;;0720797A;17;pu;ep;-2,487856;134,7501692
CG10720797A3191;1;1;1;1;1;1;1;1;1;1;1;1;1;0;0;0;1;0;1;1;1;1;1;1;20;1;2;2;6;7;0720797A;17;pu;ep;0,770997;280,8536613
CG10720797A3271;1;0;0;0;1;0;0;1;1;1;1;1;1;1;0;1;;;0;1;1;0;1;;13;1;2;1;;;0720797A;17;pu;ep;-1,253269;190,1001565
CG10720797A3282;1;1;1;1;1;1;1;1;1;1;1;1;1;1;1;1;1;0;1;1;1;1;1;1;23;1;2;1;6;7;0720797A;17;pu;ep;1,836118;328,6060139
CG10720797A3291;1;1;1;1;1;1;0;1;0;1;1;1;0;0;0;0;0;0;1;1;1;0;0;0;13;1;1;1;;6;0720797A;17;pu;ep;0,141275;252,6214633
CG10720984D3011;1;1;0;0;0;0;0;1;1;0;1;1;0;0;;;;;1;1;1;0;;;9;1;1;3;2;7;0720984D;17;pr;pr;-1,716188;169,3462033
CG10720984D3042;0;1;0;1;1;1;1;1;1;1;1;1;0;0;0;1;1;0;1;1;1;1;1;1;18;1;2;1;;5;0720984D;17;pr;pr;0,57523;272,0768793
CG10720984D3122;1;0;1;1;1;0;1;0;1;1;1;1;1;0;1;1;1;0;1;1;1;0;1;1;18;2;2;1;3;5;0720984D;17;pr;pr;-0,110125;241,3504983
CG10720984D3162;1;1;1;1;1;1;1;1;1;1;1;0;0;1;0;0;0;0;1;1;0;0;1;1;16;2;2;1;;4;0720984D;17;pr;pr;-0,389266;228,8358268
CG10720984D3182;1;0;0;1;0;1;0;1;1;1;1;0;0;1;0;0;0;0;1;1;1;0;1;0;12;1;1;3;7;;0720984D;17;pr;pr;-0,350294;230,5830505
CG10720984D3222;1;1;1;1;1;1;1;1;1;1;1;1;1;1;1;1;1;0;1;1;1;1;1;1;23;1;2;1;3;;0720984D;17;pr;pr;0,840968;283,9906569
CG10720984D3242;1;1;0;1;1;1;1;0;1;1;1;0;1;1;1;1;1;0;1;1;1;0;1;1;19;2;2;1;4;3;0720984D;17;pr;pr;-0,020766;245,3567121
CG10720984D3262;1;1;0;1;1;1;1;1;1;1;1;0;0;1;0;0;0;0;1;1;1;0;1;1;16;1;2;1;4;5;0720984D;17;pr;pr;-0,29454;233,0826582
CG10740032H3131;1;0;1;1;1;0;1;1;0;1;1;0;1;0;0;0;0;1;1;1;1;1;1;0;15;2;2;1;6;6;0740032H;8;pu;ep;0,099007;250,7264706
CG10740032H3182;1;0;0;1;1;1;0;1;0;1;1;0;1;0;0;0;0;1;1;1;1;1;1;0;14;1;1;1;3;5;0740032H;8;pu;ep;-0,545256;221,8423589
CG10740032H3191;1;0;1;1;1;1;1;1;1;1;1;1;1;0;1;1;;;1;1;1;0;;;17;1;2;1;6;5;0740032H;8;pu;ep;0,506722;269,0054741
CG10740032H3211;1;0;0;1;0;1;1;1;1;1;1;1;1;0;1;1;0;0;1;1;1;1;0;0;16;2;1;1;2;2;0740032H;8;pu;ep;-0,184055;238,0360097
CG10740032H3271;1;1;0;1;1;1;0;1;0;1;1;1;1;1;0;0;0;0;1;1;0;1;0;0;14;2;2;1;3;4;0740032H;8;pu;ep;-0,709972;214,4576801
CG10740117A3022;0;0;1;0;1;1;0;1;0;1;1;1;1;0;0;0;0;1;1;1;1;0;1;1;14;2;1;1;;;0740117A;8;pr;pr;-0,944585;203,9393233
CG10740117A3071;1;1;1;1;1;0;1;1;1;1;1;1;1;1;1;1;1;0;1;1;1;1;1;1;22;1;2;1;;;0740117A;8;pr;pr;0,551885;271,0302577
CG10740117A3082;1;0;0;0;1;0;1;1;0;1;1;0;0;0;0;0;0;0;1;1;1;0;0;0;9;2;2;1;6;7;0740117A;8;pr;pr;-0,661426;216,634133
CG10740117A3102;0;1;1;1;0;1;1;1;1;1;1;1;1;0;0;0;1;1;1;1;1;0;1;1;18;1;2;1;;;0740117A;8;pr;pr;-1,214693;191,8296264
CG10740117A3191;0;1;1;1;1;1;1;1;1;1;1;1;1;0;0;0;1;1;1;1;1;1;1;1;20;2;2;1;;;0740117A;8;pr;pr;1,561997;316,316403
CG10740117A3262;1;0;0;1;1;1;0;1;1;1;1;1;0;1;1;1;0;0;1;1;1;0;1;1;17;2;2;1;;;0740117A;8;pr;pr;0,888628;286,1273879
CG10740117A3302;1;1;0;1;1;1;1;1;1;1;1;1;1;1;0;1;1;0;1;1;1;1;1;1;21;1;2;1;;;0740117A;8;pr;pr;0,710207;278,1282756
CG10752906B3031;0;1;0;1;0;1;0;0;0;1;1;0;1;0;1;0;0;1;1;1;1;1;0;1;13;1;2;1;3;;0752906B;1;pr;pr;-0,666766;216,3947259
CG10752906B3051;1;1;1;1;1;1;1;0;1;1;1;1;0;0;0;1;0;1;1;1;1;1;1;0;18;1;1;1;;2;0752906B;1;pr;pr;1,90525;331,7053947
CG10752906B3151;1;1;1;1;1;1;1;1;1;1;1;1;1;0;0;0;0;1;1;1;1;1;1;0;19;2;2;1;5;7;0752906B;1;pr;pr;2,497653;358,2644776
CG10752906B3171;1;0;1;1;1;1;1;1;1;1;1;0;1;1;0;0;0;1;1;1;1;0;1;1;18;1;2;3;;3;0752906B;1;pr;pr;0,247212;257,3709152
CG10752906B3191;1;1;1;1;1;1;1;0;1;0;1;1;1;0;0;1;0;0;1;1;1;0;1;0;16;1;2;3;2;;0752906B;1;pr;pr;0,93208;288,0754626
CG10752906B3271;1;1;1;1;1;1;1;1;1;0;1;0;1;0;0;0;;;1;1;1;0;1;;15;1;2;1;4;2;0752906B;1;pr;pr;-0,338238;231,1235547
CG10752906B3291;1;1;1;1;1;1;1;1;1;1;1;1;1;1;1;0;0;0;1;1;1;1;0;1;20;2;2;1;2;2;0752906B;1;pr;pr;1,535674;315,1362693
CG10753937X3011;1;0;0;0;0;0;0;0;0;0;0;0;0;0;0;0;0;0;0;0;1;0;1;0;3;;;;;;;;;;;
CG10753937X3071;1;1;1;1;1;1;1;1;1;0;1;1;1;1;1;0;1;1;1;1;1;1;1;1;22;1;2;2;4;4;0753937X;1;pu;ep;0,79033;281,7204137
CG10753937X3211;1;0;1;1;1;1;1;1;1;1;1;1;1;0;0;0;1;1;1;1;1;1;0;1;19;2;2;1;3;3;0753937X;1;pu;ep;-0,261421;234,5674756
CG10753937X3251;1;0;0;1;1;1;0;1;1;1;1;1;1;1;0;0;0;0;1;1;1;1;1;0;16;;;;;;;;;;;
CG10753982W3011;1;1;1;1;1;1;0;1;1;1;1;1;1;1;0;1;1;0;1;1;1;0;1;1;20;1;2;1;3;5;0753982W;1;pr;pr;0,817248;282,9272229
CG10753982W3111;1;1;1;1;1;1;1;1;0;0;1;1;1;0;1;1;0;0;1;1;1;1;0;0;17;1;2;1;4;5;0753982W;1;pr;pr;0,324235;260,8240716
CG10753982W3182;1;0;0;0;0;0;0;1;1;1;1;0;0;0;0;0;0;0;1;1;1;1;0;1;10;1;2;1;3;4;0753982W;1;pr;pr;0,988285;290,5952899
CG10753982W3282;0;1;1;1;1;1;1;1;1;1;1;1;1;1;0;1;0;0;1;1;1;0;1;0;18;2;2;1;3;7;0753982W;1;pr;pr;0,232337;256,7040273
CG10760079Y3011;0;1;1;0;0;1;1;1;1;1;1;1;1;0;0;0;0;1;1;1;0;0;1;0;14;1;2;1;2;2;0760079Y;21;pu;pu;-1,48924;179,5209167
CG10760079Y3031;0;0;0;0;0;0;0;1;0;1;1;1;0;1;0;0;0;0;0;1;1;0;1;0;8;1;2;1;1;1;0760079Y;21;pu;pu;-0,621004;218,4463643
CG10760079Y3131;1;0;1;1;0;1;0;1;0;1;1;1;1;0;1;1;0;0;0;1;1;0;1;0;14;2;2;1;2;5;0760079Y;21;pu;pu;-0,348205;230,6767062
CG10760079Y3211;1;1;1;1;1;1;1;1;1;1;1;1;1;1;0;1;0;0;1;1;1;1;1;1;21;2;2;1;4;4;0760079Y;21;pu;pu;-0,548661;221,6897033
CG10760079Y3231;0;0;0;1;1;0;1;0;0;0;0;0;1;0;0;0;0;0;0;1;1;1;1;0;8;1;2;2;1;1;0760079Y;21;pu;pu;-1,418931;182,6730658
CG10760173A3022;1;1;1;1;1;1;1;1;1;1;1;1;1;0;0;0;1;0;1;1;1;1;1;1;20;2;2;1;4;4;0760173A;21;pu;ep;0,592376;272,8455824
CG10760173A3102;1;1;0;1;0;1;1;1;1;1;1;1;1;1;1;1;1;0;1;1;1;1;0;1;20;1;2;1;4;5;0760173A;21;pu;ep;-0,620579;218,4654182
CG10760173A3171;1;1;1;1;1;1;1;1;1;1;1;1;1;1;0;0;0;1;1;1;1;1;1;1;21;1;2;1;5;5;0760173A;21;pu;ep;2,043184;337,8893616
CG10760173A3242;1;0;1;0;1;0;1;1;0;0;1;1;1;0;1;0;1;1;1;1;1;0;1;0;15;1;2;1;4;5;0760173A;21;pu;ep;-0,236407;235,6889232
CG10760173A3271;1;0;1;1;1;1;1;1;1;1;0;1;1;1;1;1;1;0;1;1;1;0;1;1;20;2;2;1;3;3;0760173A;21;pu;ep;1,419895;309,945573
CG10761704P3022;0;1;0;0;0;0;0;0;0;1;0;0;1;0;0;0;0;0;0;0;1;0;0;0;4;1;2;1;;4;0761704P;21;pu;ep;-4,000303211;66,94293186
CG10761704P3071;1;0;0;1;1;0;0;0;0;0;1;0;0;0;0;0;0;1;0;1;1;0;0;0;7;1;1;1;;4;0761704P;21;pu;ep;-0,595747;219,5787062
CG10761704P3091;1;1;0;1;1;1;1;1;0;1;1;0;1;0;0;0;;;1;1;1;1;;;14;1;2;1;3;3;0761704P;21;pu;ep;0,294244;259,4794912
CG10761704P3102;1;0;0;0;1;1;;;;;;;;;;;;;0;1;0;1;;;5;1;2;1;;;0761704P;21;pu;ep;-0,250833;235,0421652
CG10761704P3282;0;0;0;1;0;0;0;0;1;0;0;0;0;0;0;0;0;0;0;1;1;1;0;0;5;1;1;1;;;0761704P;21;pu;ep;-0,843852;208,4554653
CG10762129B3042;1;1;0;1;0;0;0;1;1;1;1;0;0;1;0;0;0;0;0;1;1;0;1;1;12;1;2;1;6;6;0762129B;21;pu;ep;-1,53824;177,3241097
CG10762129B3071;1;0;0;1;1;1;1;1;1;1;1;1;1;1;0;0;1;1;1;1;1;1;1;1;20;1;2;1;4;5;0762129B;21;pu;ep;0,996104;290,9458375
CG10762129B3231;1;0;1;1;1;1;1;1;1;1;1;1;1;1;0;1;1;1;1;1;1;1;1;1;22;2;2;1;5;5;0762129B;21;pu;ep;-0,166916;238,804399
CG10762129B3271;1;1;1;1;1;1;1;1;1;1;1;1;1;1;0;1;1;1;1;1;1;1;1;0;22;;;;;;;;;;;
CG10762129B3291;1;0;0;1;1;1;1;1;1;1;1;1;1;1;0;0;0;0;1;1;1;0;0;0;15;1;2;1;6;7;0762129B;21;pu;ep;-0,42237;227,3516819
CG10762563Y3031;0;0;0;0;0;0;0;1;1;1;0;1;1;1;0;1;1;1;0;0;1;1;1;1;13;2;2;1;3;3;0762563Y;21;pr;pr;1,404112;309,237977
CG10762563Y3051;1;1;1;1;1;1;1;1;1;1;1;1;1;1;0;1;0;1;1;1;1;0;1;1;21;2;2;1;4;5;0762563Y;21;pr;pr;2,148875;342,6277847
CG10762563Y3091;1;0;1;1;0;0;0;1;1;1;1;1;0;0;0;0;;;1;1;0;1;;;11;2;2;1;6;6;0762563Y;21;pr;pr;0,152703;253,1338125
CG10762563Y3111;1;1;0;1;1;1;0;1;1;1;1;1;;;;;;;1;1;1;0;;;13;1;1;1;6;4;0762563Y;21;pr;pr;-0,708881;214,5065927
CG10762563Y3291;1;1;0;1;0;0;0;1;0;1;1;1;0;0;0;1;0;0;0;1;1;0;0;1;11;1;2;1;3;3;0762563Y;21;pr;pr;-0,493469;224,1641149
CG10771029A3142;0;1;0;0;0;0;0;1;0;0;1;0;0;0;0;0;;;0;0;0;1;0;;4;2;1;2;;;0771029A;24;pu;ep;-2,019124;155,7647354
CG10771029A3242;1;1;1;1;1;0;1;1;1;1;1;1;1;0;1;;;;1;1;1;0;;;16;1;1;2;;;0771029A;24;pu;ep;-0,949815;203,7048478
CG10771029A3282;0;1;0;1;1;1;1;1;0;0;1;0;0;0;;;;;1;1;1;1;;;11;2;1;3;;;0771029A;24;pu;ep;-0,96156;203,1782866
CG10771337K3031;1;0;1;1;1;1;1;1;1;1;1;1;1;0;0;0;0;1;1;1;1;1;1;0;18;2;2;1;5;4;0771337K;24;pu;ep;-0,608785;218,9941762
CG10771337K3211;1;0;0;1;1;1;0;1;1;0;1;1;1;1;0;1;1;;1;1;1;1;0;1;17;;;;;;;;;;;
CG10771337K3231;0;0;1;1;0;1;0;0;0;1;1;0;1;0;0;0;0;1;0;1;1;0;0;0;9;1;2;1;2;7;0771337K;24;pu;ep;-1,301977;187,9164406
CG10771926A3091;1;0;1;1;1;1;1;1;1;1;1;1;1;1;1;0;1;1;1;1;1;1;1;1;22;2;2;1;;;0771926A;24;pr;pr;1,080064;294,7099991
CG10771926A3111;1;1;1;1;1;1;1;1;1;1;1;1;1;0;0;0;0;1;1;1;1;1;1;0;19;2;2;1;;;0771926A;24;pr;pr;1,105351;295,843686
CG10771926A3171;1;1;0;1;1;1;1;1;1;1;1;1;0;1;0;1;;;1;1;1;0;1;;17;1;1;1;2;3;0771926A;24;pr;pr;-0,203445;237,1667018
CG10771926A3202;1;1;1;1;1;1;1;1;1;1;1;1;1;1;0;1;1;1;1;1;1;1;1;1;23;2;2;1;;;0771926A;24;pr;pr;0,467517;267,2478043
CG10771926A3222;1;0;1;1;1;1;1;1;1;;;;;;;;;;1;1;1;1;;;12;1;1;1;;;0771926A;24;pr;pr;-0,279657;233,7499047
CG10772413E3071;1;0;1;0;1;1;1;1;0;1;1;0;0;0;1;1;1;0;1;1;1;1;0;0;15;1;2;3;5;;0772413E;24;pu;pu;-0,255215;234,8457079
CG10780116C3011;1;1;1;1;1;1;1;1;1;1;1;0;1;0;0;0;1;0;1;1;1;1;1;1;19;;;;;;;;;;;
CG10780116C3091;1;0;1;1;1;0;1;0;1;0;1;0;0;0;0;0;0;0;1;1;1;1;0;0;11;;;;;;;;;;;
CG10780116C3231;1;0;0;1;;0;0;1;1;1;1;0;0;0;0;0;0;1;0;1;1;1;0;0;10;;;;;;;;;;;
CG10780116C3291;1;0;1;1;1;1;1;1;1;1;1;1;1;1;0;0;1;1;1;1;1;1;1;1;21;;;;;;;;;;;
CG10780258G3031;1;0;0;1;1;1;1;1;1;0;1;1;1;1;0;0;1;0;0;1;1;0;0;1;15;1;1;3;;5;0780258G;25;pu;pu;-1,073864;198,1433843
CG10781589D3031;1;0;0;1;1;1;1;1;1;1;1;1;1;1;1;1;1;0;1;1;1;1;1;1;21;2;2;1;;7;0781589D;25;pr;pr;0,920194;287,54258
CG10781589D3042;1;1;0;1;1;1;1;1;0;1;1;1;1;0;0;0;1;1;1;1;1;0;1;1;18;1;2;1;;;0781589D;25;pr;pr;0,808308;282,5264177
CG10781589D3082;1;1;0;1;1;1;1;1;1;1;1;1;1;0;1;0;0;1;1;1;1;1;1;1;20;1;2;1;;;0781589D;25;pr;pr;0,928894;287,9326253
CG10781589D3111;1;1;1;1;1;1;1;1;1;1;1;1;1;0;0;1;1;1;1;1;1;1;1;1;22;2;2;1;;;0781589D;25;pr;pr;0,89617;286,4655169
CG10781589D3151;0;1;1;1;1;1;1;1;1;1;1;0;1;1;0;0;0;0;1;1;1;1;1;1;18;1;2;1;;;0781589D;25;pr;pr;0,831684;283,5744292
CG10781589D3211;1;1;1;1;1;1;1;1;1;1;1;1;1;1;0;0;0;0;1;1;1;1;0;0;18;1;2;1;;;0781589D;25;pr;pr;0,859881;284,8385795
CG10781589D3242;1;1;0;1;1;1;1;1;1;1;1;1;1;0;1;1;1;0;1;1;1;0;1;0;19;2;2;1;;;0781589D;25;pr;pr;1,458441;311,6736979
CG10781977A3111;0;0;0;1;1;1;0;1;0;0;1;0;0;0;1;0;0;0;1;1;1;0;0;0;9;2;1;1;5;7;0781977A;25;pu;ep;-1,494903;179,2670286
CG10781977A3171;1;0;0;1;0;1;1;1;1;1;1;0;1;0;0;0;0;1;0;1;1;1;0;0;13;2;2;3;7;7;0781977A;25;pu;ep;-0,036938;244,6316762
CG10781977A3251;1;1;1;1;1;1;1;1;1;1;1;1;1;0;0;0;1;0;1;1;1;0;1;0;18;;;;;;;;;;;
CG10783307W3031;1;1;1;1;0;0;0;1;0;0;1;0;0;0;0;0;0;1;1;1;1;1;0;0;11;1;2;1;;;0783307W;25;pr;pr;-0,789611;210,887241
CG10783307W3262;1;1;1;1;1;1;1;1;0;0;1;0;0;0;0;0;0;1;1;1;1;1;1;0;15;1;2;1;2;7;0783307W;25;pr;pr;-1,556011;176,5273861
CG10783307W3291;1;1;1;1;1;1;1;1;1;1;0;0;1;1;1;1;0;0;1;1;1;1;1;0;19;2;2;1;;;0783307W;25;pr;pr;0,02032;247,1987124
CG10783307W3302;0;0;0;1;1;0;0;1;1;1;1;0;0;0;0;0;0;0;1;1;1;0;1;0;10;1;2;1;;;0783307W;25;pr;pr;0,31688;260,4943264
CG10800029X3031;1;0;1;1;0;1;1;1;0;1;1;1;0;0;0;;;;1;1;0;0;;;11;;;;;;;;;;;
CG10800029X3191;1;1;1;1;1;1;0;1;1;1;1;1;1;1;0;1;0;0;1;1;1;0;0;1;18;2;2;1;;;0800029X;20;pu;ep;0,594408;272,9366826
CG10800029X3211;0;0;1;0;0;1;0;0;1;0;1;0;0;0;1;0;0;0;1;1;1;1;0;0;9;1;1;1;;;0800029X;20;pu;ep;-0,75858;212,2784475
CG10800029X3291;0;1;0;0;0;0;0;0;0;0;1;1;1;0;0;0;0;0;0;0;1;0;1;0;6;1;1;1;;;0800029X;20;pu;ep;-0,913267;205,3433968
CG10800037F3051;1;1;0;1;0;0;0;1;0;0;1;0;1;0;;;;;1;1;1;1;;;10;2;2;1;;;0800037F;20;pu;pu;-0,752147;212,5668569
CG10800037F3091;1;0;0;1;0;1;1;1;0;1;1;0;0;1;0;0;0;;1;1;1;1;1;;13;2;2;1;;;0800037F;20;pu;pu;-1,100163;196,9643265
CG10800037F3111;0;0;0;0;1;0;0;1;0;0;0;0;0;0;0;0;0;0;0;1;0;1;1;0;5;1;2;1;;;0800037F;20;pu;pu;-1,538073;177,3315968
CG10800037F3131;1;0;0;1;0;0;0;1;1;1;;;;;;;;;0;1;0;0;;;6;2;2;1;;;0800037F;20;pu;pu;0,816248;282,8823901
CG10800037F3191;0;1;1;0;1;0;0;1;;;;;;;;;;;1;1;1;1;;;8;1;2;1;;;0800037F;20;pu;pu;0,021413;247,2477147
CG10800037F3251;0;1;0;0;1;0;0;1;1;1;1;1;1;0;0;0;;;0;1;1;0;;;10;1;2;1;;;0800037F;20;pu;pu;0,676148;276,6013154
CG10801212H3011;1;1;1;1;1;1;1;1;1;1;1;1;1;1;0;0;0;1;1;1;1;1;1;1;21;1;2;1;3;3;0801212H;20;pr;pr;1,525798;314,6935006
CG10801212H3031;0;1;0;1;1;0;1;1;0;1;1;1;1;1;0;1;0;0;1;1;0;0;1;1;15;2;2;1;3;7;0801212H;20;pr;pr;0,669293;276,2939866
CG10801212H3231;1;1;1;1;1;1;1;1;1;1;1;1;1;1;0;1;1;1;1;1;1;1;1;1;23;1;2;1;3;4;0801212H;20;pr;pr;0,538017;270,4085164
CG10801212H3251;1;0;1;1;1;1;0;1;1;1;1;0;1;1;0;0;1;1;1;1;0;1;1;1;18;1;2;1;3;4;0801212H;20;pr;pr;1,173405;298,8947371
CG10801212H3291;1;0;1;1;1;1;1;1;0;1;1;1;1;1;0;1;0;;1;1;1;1;1;;18;1;2;1;3;3;0801212H;20;pr;pr;1,112348;296,1573811
CG10801219R3042;0;1;0;1;1;0;0;1;0;0;1;0;0;1;0;0;0;0;0;1;1;0;0;1;9;1;1;1;6;7;0801219R;20;pr;pr;-1,388417;184,0410937
CG10801219R3071;1;1;0;1;0;1;1;1;0;0;1;1;0;1;0;1;0;1;1;1;1;1;0;0;15;2;1;1;6;4;0801219R;20;pr;pr;-0,694778;215,1388696
CG10801219R3202;1;1;1;1;1;1;1;1;1;1;1;0;1;1;1;0;1;1;1;1;1;1;1;1;22;2;2;1;;2;0801219R;20;pr;pr;0,688872;277,1717679
CG10801219R3231;1;1;1;1;1;0;1;;;;;;;;;;;;1;1;1;1;;;10;2;2;2;;5;0801219R;20;pr;pr;-0,418261;227,5358999
CG10801219R3291;0;0;1;0;1;0;1;;;;;;;;;;;;1;1;1;1;;;7;1;2;1;3;3;0801219R;20;pr;pr;1,780243;326,1009814
CG10801219R3302;1;1;1;1;1;1;1;1;1;1;1;1;1;1;1;1;1;0;1;1;1;1;1;1;23;2;2;1;2;3;0801219R;20;pr;pr;0,697329;277,5509189
CG10830039S3011;0;0;0;1;1;1;0;;;;;;;;;;;;0;1;1;0;;;5;2;2;1;2;5;0830039S;23;pu;pu;-1,055557;198,9641383
CG10830039S3051;0;0;1;1;0;0;1;1;0;0;0;0;1;0;1;0;1;;1;1;0;1;0;0;10;2;2;1;3;7;0830039S;23;pu;pu;-1,189251;192,9702624
CG10830039S3111;1;1;1;1;0;1;1;;;;;;;;;;;;1;1;1;1;;;10;1;2;1;2;7;0830039S;23;pu;pu;0,951953;288,9664247
CG10830039S3151;1;0;0;0;1;1;0;1;0;0;0;0;1;0;0;0;0;;0;1;0;1;0;0;7;2;2;1;2;5;0830039S;23;pu;pu;-0,740027;213,1102304
CG10830039S3211;1;1;1;1;0;0;1;;;;;;;;;;;;1;1;1;1;;;9;1;1;1;6;6;0830039S;23;pu;pu;-0,365877;229,8844211
CG10830039S3291;1;0;1;0;;0;1;;;;;;;;;;;;1;0;1;0;;;5;2;2;1;2;5;0830039S;23;pu;pu;-0,76599;211,9462365
CG10831188R3031;1;1;1;1;1;1;1;1;1;0;1;1;0;;;;;;1;1;1;1;;;15;2;2;1;;;0831188R;23;pr;pr;-0,549181;221,6663902
CG10831188R3162;1;1;1;0;0;1;1;1;1;1;1;1;0;0;0;0;0;1;1;1;0;1;1;1;16;1;2;1;4;4;0831188R;23;pr;pr;-0,328454;231,5621988
CG10831188R3282;0;0;1;1;1;1;1;1;1;1;1;1;1;0;0;1;1;0;1;1;1;0;1;0;17;2;1;1;5;5;0831188R;23;pr;pr;1,226935;301,2946367
CG10840761W3011;0;1;1;1;1;0;1;1;1;1;1;1;0;1;;;;;0;1;1;1;;;14;2;2;3;7;7;0840761W;2;pu;ep;-1,577461;175,5657226
CG10840761W3142;1;1;1;1;1;1;0;1;1;0;1;1;1;0;0;1;1;0;1;1;1;0;0;1;17;2;2;1;2;4;0840761W;2;pu;ep;-0,318964;231,987662
CG10840761W3242;0;1;0;0;1;0;1;1;0;0;1;0;0;1;0;0;0;0;1;1;0;0;1;1;10;1;1;2;6;7;0840761W;2;pu;ep;-2,211007;147,162084
CG10850108F3011;1;1;1;1;1;1;1;;;;;;;;;;;;1;1;1;0;;;10;2;2;1;4;3;0850108F;17;pr;pr;0,052916;248,6600822
CG10850108F3111;1;1;1;1;0;1;1;;;;;;;;;;;;0;1;1;1;;;9;2;1;1;6;6;0850108F;17;pr;pr;-1,070014;198,3159905
CG10850108F3142;1;1;1;1;1;1;1;;;;;;;;;;;;1;1;1;0;;;10;1;2;1;4;5;0850108F;17;pr;pr;-0,369128;229,7386696
CG10850108F3262;1;1;1;1;1;0;1;;;;;;;;;;;;1;1;1;1;;;10;2;2;1;6;6;0850108F;17;pr;pr;-4,044716547;64,95175782
CG10850108F3291;1;0;1;1;1;1;1;;;;;;;;;;;;1;1;1;1;;;10;2;2;1;4;7;0850108F;17;pr;pr;0,044291;248,2733994
CG10851435Y3091;0;0;1;1;1;1;1;1;1;1;1;1;1;0;0;0;;;1;1;1;0;;;14;2;2;1;4;5;0851435Y;17;pu;pu;1,082469;294,8178219
CG10851435Y3142;1;1;0;1;0;0;0;1;1;1;1;1;1;1;0;0;0;0;1;1;1;1;0;1;15;1;2;1;6;4;0851435Y;17;pu;pu;1,529561;314,8622064
CG10851435Y3182;1;0;0;1;1;0;1;1;1;1;1;1;1;0;0;0;0;;1;1;1;1;0;1;15;2;2;1;2;6;0851435Y;17;pu;pu;-0,252284;234,9771129
CG10851435Y3282;1;1;1;1;1;1;1;0;1;1;1;1;1;0;0;0;1;;1;1;0;1;1;1;18;2;2;1;5;5;0851435Y;17;pu;pu;2,371479;352,6077444
CG10851435Y3291;1;1;1;1;1;1;0;0;1;1;1;1;1;0;;;;;1;1;1;1;;;15;2;2;1;;4;0851435Y;17;pu;pu;0,428155;265,4830958
CG10881099S3051;0;0;0;0;1;0;0;1;0;1;1;1;1;0;0;1;0;0;0;1;1;1;1;0;11;2;2;1;6;5;0881099S;12;pu;ep;-0,693345;215,203115
CG10881099S3291;0;0;0;0;1;0;0;1;0;0;1;0;0;0;0;0;0;1;0;1;0;0;0;0;5;1;1;1;;6;0881099S;12;pu;ep;-0,275663;233,9289669
CG10881146T3011;1;0;1;0;1;0;0;1;1;1;1;0;1;0;0;0;0;0;1;1;1;0;1;0;12;2;2;1;;;0881146T;12;pu;pu;-0,967235;202,9238605
CG10881146T3082;0;0;0;0;0;0;1;1;1;0;1;0;1;1;0;0;0;0;0;1;1;1;0;0;9;2;1;1;;;0881146T;12;pu;pu;-1,524428;177,9433403
CG10881146T3122;0;0;0;1;0;0;0;1;1;0;0;0;0;1;0;0;0;0;0;1;1;0;1;0;7;1;1;1;6;5;0881146T;12;pu;pu;-0,71299;214,3223747
CG10890015H3051;1;1;1;1;1;0;0;1;1;0;1;1;1;0;0;1;0;;1;1;1;1;1;1;17;1;1;1;6;7;0890015H;7;pu;pu;0,727743;278,9144635
CG10890015H3142;1;1;0;1;1;1;1;1;1;1;1;1;1;0;1;1;1;;1;1;1;1;1;1;21;2;2;1;3;3;0890015H;7;pu;pu;0,151813;253,0939113
CG10890015H3191;1;1;0;1;0;1;1;1;1;0;1;0;1;0;0;0;;;1;1;1;1;;;13;2;2;1;6;7;0890015H;7;pu;pu;-0,26185;234,5482423
CG10890015H3222;1;0;0;1;1;0;0;1;1;1;1;0;1;0;0;0;0;0;0;1;0;1;1;0;11;1;1;1;6;6;0890015H;7;pu;pu;-0,612786;218,8148002
CG10890015H3291;1;0;0;1;1;1;1;1;0;1;1;1;1;0;0;0;;;1;1;1;1;1;;15;1;2;1;5;3;0890015H;7;pu;pu;0,73753;279,3532421
CG10890037G3051;1;1;1;1;1;1;1;1;1;1;0;0;1;0;1;1;1;1;1;1;1;1;1;1;21;2;1;1;;5;0890037G;7;pu;pu;-0,303323;232,6888918
CG10890037G3082;1;1;1;1;1;1;1;1;1;1;1;0;1;0;0;1;1;0;1;1;0;1;1;1;19;1;2;3;2;2;0890037G;7;pu;pu;-0,189195;237,8055691
CG10890037G3251;1;1;1;1;1;1;1;1;1;1;1;0;1;0;0;0;1;0;1;1;1;0;0;1;17;1;1;1;3;;0890037G;7;pu;pu;-1,027345;200,2289611
CG10911747E3011;0;0;1;0;1;1;1;1;1;1;1;1;1;1;1;1;0;0;1;1;0;0;0;1;16;1;1;1;3;4;0911747E;25;pr;pr;0,942542;288,5445033
CG10911747E3142;1;1;1;1;1;1;0;1;1;1;1;1;1;0;0;1;0;0;1;1;1;1;1;1;19;2;1;3;;;0911747E;25;pr;pr;-0,076999;242,8356295
CG10911747E3222;1;1;1;1;1;1;1;1;1;1;1;1;1;1;0;1;0;0;1;1;1;0;0;0;18;1;2;1;3;;0911747E;25;pr;pr;1,081622;294,7798486
CG10911747E3242;1;0;1;1;1;1;1;1;1;1;1;1;1;0;0;1;0;0;1;1;1;1;1;1;19;2;2;1;;4;0911747E;25;pr;pr;0,11956;251,6479191
CG10911747E3262;1;1;0;0;1;1;1;1;0;0;1;1;0;0;0;0;1;0;1;1;1;1;0;0;13;1;2;1;;;0911747E;25;pr;pr;-0,02116;245,339048
CG10911747E3282;1;0;0;1;1;1;1;1;0;0;1;1;1;0;0;0;0;0;1;1;1;0;1;1;14;1;1;1;;3;0911747E;25;pr;pr;-0,776369;211,4809169
CG10920882J3051;1;0;0;1;1;1;1;1;1;1;1;1;1;1;1;1;1;1;1;1;1;1;1;1;22;;;;;;;;;;;
CG10920882J3191;1;1;0;1;1;1;0;0;1;1;0;0;0;0;0;;;;1;1;1;1;;;11;;;;;;;;;;;
CG10920885M3022;0;1;0;0;0;0;0;1;1;1;1;0;1;0;0;0;0;1;0;1;1;1;0;0;10;1;1;3;6;6;0920885M;25;pu;pu;-1,380216;184,4087675
CG10920885M3102;1;1;0;0;1;0;0;1;0;1;0;1;1;0;0;1;0;0;0;1;0;0;0;1;10;1;1;1;4;5;0920885M;25;pu;pu;0,284115;259,0253799
CG10920885M3111;1;1;0;1;1;1;1;1;1;1;1;1;1;1;0;0;1;0;1;1;1;1;1;1;20;2;2;2;5;;0920885M;25;pu;pu;-0,430606;226,982439
CG10920885M3191;1;1;0;0;1;0;0;0;1;1;;;;;;;;;1;1;1;1;;;9;1;1;1;5;3;0920885M;25;pu;pu;0,774064;280,9911635
CG10920885M3222;0;0;0;1;1;0;0;1;0;1;1;0;0;0;0;0;0;1;1;1;0;1;0;0;9;2;2;3;;5;0920885M;25;pu;pu;-1,082227;197,7684476
CG10920902F3031;1;1;1;0;1;1;1;0;1;1;1;1;1;1;0;1;1;1;1;1;1;1;1;1;21;2;1;1;;;0920902F;25;pr;pr;1,686395;321,8935131
CG10920902F3111;1;0;0;1;1;1;1;1;1;1;1;0;1;1;0;1;1;0;1;1;1;1;1;1;19;1;2;1;;;0920902F;25;pr;pr;1,622815;319,043044
CG10920902F3151;1;0;1;1;1;1;1;0;1;1;1;1;1;0;1;1;0;0;1;1;1;0;1;1;18;2;2;1;;;0920902F;25;pr;pr;1,543586;315,4909864
CG10920902F3251;1;0;0;0;1;1;0;1;1;1;0;1;1;1;0;0;0;0;1;1;1;1;0;0;13;1;2;1;;;0920902F;25;pr;pr;0,490767;268,2901668
CG10921159K3071;1;0;0;0;1;1;1;1;1;1;1;1;1;0;0;1;0;0;1;1;1;1;0;1;16;2;2;3;7;7;0921159K;25;pu;ep;-0,235001;235,7519581
CG10921159K3151;1;1;0;0;1;1;1;1;1;1;1;1;1;0;0;1;1;1;1;1;1;1;0;1;19;2;2;3;7;7;0921159K;25;pu;ep;-0,655978;216,8783821
CG10921159K3211;0;1;0;0;1;1;1;1;1;1;1;0;1;0;0;0;0;0;1;1;0;1;1;1;14;1;2;2;4;7;0921159K;25;pu;ep;-1,074689;198,1063972
CG10921159K3291;1;1;1;1;0;1;1;1;1;1;1;0;0;0;0;1;0;0;0;1;0;0;0;0;12;2;2;;4;5;0921159K;25;pu;ep;-1,976962;157,6549758
CG10930897V3011;1;1;0;1;0;0;0;1;1;1;1;0;0;0;0;0;0;0;0;1;1;1;1;0;11;2;1;3;7;7;0930897V;24;pu;ep;-0,523847;222,8021843
CG10930897V3051;1;0;0;0;0;0;0;0;;;;;;;;;;;0;1;1;0;;;3;2;1;2;6;7;0930897V;24;pu;ep;-2,158152;149,5317214
CG10930897V3091;0;0;0;0;0;0;0;1;0;0;0;0;0;1;0;0;0;0;1;1;1;0;1;0;6;1;2;2;6;7;0930897V;24;pu;ep;-0,493328;224,1704364
CG10930897V3131;1;0;0;1;0;0;0;1;0;0;1;0;1;;;;;;1;1;1;1;;;9;2;1;2;6;7;0930897V;24;pu;ep;-2,144475;150,1448996
CG10930897V3211;1;1;1;1;;1;;;;;;;;;;;;;1;1;1;1;;;9;2;1;3;5;6;0930897V;24;pu;ep;-1,349688;185,7774231
CG10931377S3031;1;1;1;1;1;1;1;1;1;1;1;1;1;0;0;0;1;1;1;1;1;1;1;1;21;2;2;1;;;0931377S;24;pu;ep;1,779789;326,0806273
CG10931377S3071;1;0;1;1;0;1;1;1;1;0;1;0;1;0;0;0;1;0;1;1;1;1;1;1;16;1;2;3;;;0931377S;24;pu;ep;-0,483728;224,6008312
CG10931377S3091;1;0;0;1;1;1;1;0;1;1;1;1;1;0;1;1;1;0;1;1;1;1;1;1;19;2;2;2;;;0931377S;24;pu;ep;0,448418;266,3915427
CG10931377S3151;1;0;1;1;1;1;1;0;0;0;0;;;;;;;;1;1;1;0;;;9;2;2;3;4;4;0931377S;24;pu;ep;-0,40991;227,9102985
CG10931377S3251;1;1;1;1;1;1;1;0;1;1;1;0;0;0;1;;;;1;1;1;1;;;15;2;2;3;;;0931377S;24;pu;ep;-0,455912;225,8479003
CG10931377S3271;1;0;0;1;1;0;1;;;;;;;;;;;;0;1;1;1;;;7;1;1;2;6;7;0931377S;24;pu;ep;-1,10622;196,6927743
CG10931377S3291;1;0;1;0;1;1;1;;;;;;;;;;;;1;1;1;1;;;9;2;2;3;;;0931377S;24;pu;ep;-1,203102;192,3492834
CG10931709C3051;1;0;0;1;1;1;1;1;1;1;1;0;1;1;1;1;1;0;1;1;1;1;0;0;18;2;1;3;6;6;0931709C;24;pu;ep;-1,78144;166,4207737
CG10931709C3131;1;1;0;0;0;0;0;1;0;1;0;0;1;0;0;0;0;1;1;0;1;0;0;1;9;2;1;2;6;;0931709C;24;pu;ep;-1,912558;160,5423872
CG10931709C3251;1;0;0;0;1;0;1;1;1;1;1;1;1;0;0;1;0;0;1;1;0;0;0;1;13;2;2;3;;;0931709C;24;pu;ep;-1,469806;180,3921973
CG10931765N3031;1;0;0;1;0;1;1;1;1;1;1;1;0;0;1;0;0;1;1;1;1;0;1;1;16;2;2;1;;;0931765N;24;pu;ep;-0,430111;227,0046312
CG10931765N3122;1;0;0;0;0;0;0;0;0;1;1;1;0;0;0;0;0;0;0;0;0;1;0;0;5;1;2;3;;5;0931765N;24;pu;ep;-1,341188;186,1585019
CG10931765N3231;1;0;1;1;1;1;1;1;1;0;1;0;0;1;0;1;0;0;1;1;1;1;1;0;16;2;2;3;;;0931765N;24;pu;ep;-0,429881;227,0149428
CG10931765N3282;1;0;1;1;1;1;1;1;1;0;1;0;1;0;0;0;0;0;1;1;1;1;0;0;14;2;1;2;;;0931765N;24;pu;ep;-0,359408;230,1744444
CG10931843Y3011;1;0;0;1;1;1;1;1;1;1;1;0;1;0;0;0;0;0;1;1;1;1;1;1;16;2;2;1;;4;0931843Y;24;pr;pr;0,443882;266,1881812
CG10931843Y3091;1;0;0;0;0;0;0;1;1;1;1;1;1;1;0;0;0;0;1;1;0;1;0;0;11;1;1;3;;6;0931843Y;24;pr;pr;-0,644177;217,4074539
CG10931843Y3122;1;0;1;1;1;1;1;1;1;1;1;1;1;0;1;1;1;1;1;1;1;1;1;1;22;2;2;1;4;4;0931843Y;24;pr;pr;1,992141;335,6009612
CG10931843Y3262;1;1;1;1;1;1;1;1;0;1;1;1;0;0;0;0;0;0;1;1;1;0;0;0;14;2;2;3;4;6;0931843Y;24;pr;pr;-0,216223;236,5938283
CG10931846B3022;1;0;0;1;1;1;1;1;1;1;1;1;1;1;0;1;0;1;1;1;1;1;1;0;19;2;2;1;3;4;0931846B;24;pr;pr;-0,011788;245,759221
CG10931846B3062;1;1;1;1;1;1;1;1;1;1;1;1;1;1;0;1;0;0;1;1;1;1;1;1;21;2;2;1;2;5;0931846B;24;pr;pr;0,857012;284,7099542
CG10931846B3162;1;0;1;0;1;0;1;1;1;1;1;1;1;0;1;1;1;0;1;1;1;0;1;1;18;1;2;3;3;3;0931846B;24;pr;pr;1,247801;302,2301178
CG10931846B3171;1;1;1;1;1;1;1;1;1;1;1;1;1;1;1;1;1;1;1;1;1;1;0;1;23;2;2;1;3;3;0931846B;24;pr;pr;0,488913;268,2070468
CG10931846B3242;1;1;1;1;1;1;1;0;1;0;1;0;1;0;0;0;0;1;0;1;1;1;1;0;15;1;1;1;3;4;0931846B;24;pr;pr;-0,447396;226,2296964
CG10931846B3291;1;0;1;1;1;1;1;1;1;1;1;0;1;1;0;1;0;0;1;1;1;0;1;1;18;2;2;3;2;3;0931846B;24;pr;pr;0,959489;289,3042847
CG10932272P3031;1;0;0;1;1;1;1;1;1;0;1;1;0;0;0;;;;0;1;1;1;;;12;2;2;3;;;0932272P;24;pu;ep;-1,20886;192,0911361
CG10932272P3251;0;1;0;1;0;1;1;0;0;1;1;0;1;;;;;;1;1;0;1;;;10;;;;;;;;;;;
CG10932272P3271;1;0;1;1;1;0;1;0;1;0;1;;;;;;;;1;1;1;0;;;10;2;2;3;;;0932272P;24;pu;ep;-1,411198;183,0197578
CG10940786U3011;1;1;0;1;1;0;0;1;1;0;1;0;1;0;0;;;;1;1;1;0;;;11;2;2;3;6;;0940786U;24;pu;ep;-0,941742;204,0667829
CG10940786U3071;0;1;0;0;;0;0;0;1;1;0;0;0;1;0;0;0;0;0;0;0;;0;0;4;2;2;3;6;5;0940786U;24;pu;ep;-2,230696;146,2793711
CG10940786U3142;1;0;0;0;0;0;0;0;1;1;1;0;0;0;0;0;0;0;0;0;1;1;0;0;6;2;2;2;;;0940786U;24;pu;ep;-0,216638;236,5752227
CG10940786U3182;0;0;0;1;0;0;0;0;1;1;1;0;0;0;0;0;0;1;0;0;0;0;0;0;5;1;2;1;3;;0940786U;24;pu;ep;-0,480326;224,7533524
CG10940786U3211;1;0;0;1;0;0;0;1;0;0;0;0;0;1;0;0;0;0;0;1;1;1;0;1;8;1;2;3;3;6;0940786U;24;pu;ep;-0,789343;210,8992562
CG10940887D3071;1;1;0;1;1;1;1;0;1;1;1;1;1;0;0;0;0;0;0;1;1;1;1;0;15;1;1;1;;5;0940887D;24;pr;pr;0,561092;271,4430332
CG10940887D3111;1;0;0;1;1;1;1;1;1;1;1;1;1;1;0;0;1;1;1;1;1;0;1;0;18;1;2;1;2;7;0940887D;24;pr;pr;0,369166;262,838454
CG10940887D3191;1;0;0;1;1;1;1;1;1;1;1;0;1;1;0;0;1;1;1;1;1;0;1;1;18;2;2;1;3;4;0940887D;24;pr;pr;0,410878;264,7085196
CG10940887D3231;1;1;1;1;0;1;1;1;1;1;1;1;0;0;0;0;;;1;1;1;1;0;;15;2;2;1;4;5;0940887D;24;pr;pr;0,309092;260,1451686
CG10940887D3291;1;1;1;1;1;1;1;1;1;1;1;;;;;;;;1;1;1;0;;;14;1;1;1;5;4;0940887D;24;pr;pr;-0,002843;246,1602504
CG10941023B3011;1;0;0;1;1;1;1;1;0;0;1;0;1;1;1;1;1;1;1;1;1;0;1;1;18;1;2;1;;;0941023B;24;pu;pu;-0,365609;229,8964362
CG10941023B3042;1;0;1;1;1;1;1;0;1;1;1;1;1;0;0;0;1;1;1;1;1;1;1;1;19;1;1;1;;;0941023B;24;pu;pu;0,606641;273,4851222
CG10941023B3051;1;1;0;1;1;1;1;1;0;1;1;1;0;1;0;1;0;0;1;1;1;1;1;1;18;2;2;1;;;0941023B;24;pu;pu;0,598935;273,1396407
CG10941023B3122;1;0;1;0;0;1;1;1;0;1;1;1;1;0;0;1;1;1;1;1;0;1;1;1;17;2;2;3;;;0941023B;24;pu;pu;-0,554353;221,434515
CG10941023B3142;1;1;1;1;1;1;1;1;1;1;1;0;1;0;0;1;0;0;1;1;1;1;1;1;19;2;2;1;;;0941023B;24;pu;pu;-0,482264;224,6664664
CG10941023B3191;1;1;0;1;1;1;1;1;1;1;1;0;1;0;0;0;0;0;1;1;0;0;0;1;14;2;2;1;;;0941023B;24;pu;pu;-0,979436;202,3768555
CG10941023B3231;1;1;1;1;1;1;1;1;1;1;1;0;1;1;0;1;1;0;1;1;1;1;1;1;21;2;2;1;;;0941023B;24;pu;pu;-0,785394;211,0763009
CG10941023B3262;1;0;1;1;1;1;1;1;1;1;1;1;1;0;1;1;1;0;1;1;1;1;1;1;21;2;2;1;;;0941023B;24;pu;pu;0,692636;277,3405185
CG10941023B3302;1;0;1;1;0;1;0;1;1;1;1;1;1;0;1;1;0;0;0;1;1;1;1;1;17;2;2;3;;;0941023B;24;pu;pu;-0,387048;228,9352659
CG10941091A3031;1;1;0;1;0;0;1;1;1;1;1;1;1;1;0;0;0;1;0;1;1;1;1;0;16;1;1;1;3;3;0941091A;24;pu;pu;-0,25911;234,6710842
CG10941091A3082;1;1;1;1;0;0;1;1;1;1;1;0;1;0;0;0;1;0;1;1;1;1;1;0;16;2;2;3;3;3;0941091A;24;pu;pu;-0,15986;239,1207392
CG10941091A3202;1;1;1;1;1;1;1;1;1;1;1;1;1;0;0;1;1;;1;0;1;1;1;0;19;1;2;1;3;4;0941091A;24;pu;pu;0,465718;267,1671501
CG10941091A3231;0;1;0;0;1;0;0;0;0;0;1;0;1;0;0;0;0;0;0;1;1;1;0;0;7;1;1;3;6;5;0941091A;24;pu;pu;-1,577507;175,5636603
CG10941091A3251;1;1;1;1;1;1;1;1;1;1;0;1;1;1;1;1;1;1;1;1;1;1;1;1;23;1;2;1;2;3;0941091A;24;pu;pu;1,923558;332,5261936
CG10941091A3291;1;0;1;1;0;1;1;1;1;1;1;0;1;0;1;0;0;;1;1;0;1;0;;14;2;2;1;3;5;0941091A;24;pu;pu;-1,094388;197,2232359
CG10941478W3011;1;1;0;1;1;0;0;1;0;0;0;0;0;0;0;0;0;0;1;1;1;1;1;0;10;1;2;3;;;0941478W;24;pu;ep;0,082902;250,0044385
CG10941478W3042;1;0;1;1;1;1;1;1;1;0;1;0;1;0;0;0;;;1;1;1;1;1;;15;2;2;3;;;0941478W;24;pu;ep;-0,907516;205,6012302
CG10941478W3082;1;0;0;1;1;1;0;1;0;0;1;0;0;1;1;0;0;0;1;1;1;0;0;1;12;2;1;1;;;0941478W;24;pu;ep;-0,193959;237,5919857
CG10941478W3171;1;1;1;1;1;0;0;0;0;0;0;;;;;;;;1;1;1;1;;;9;2;2;3;;;0941478W;24;pu;ep;-0,07612;242,8750376
CG10941478W3251;1;1;1;1;1;1;1;1;1;1;1;1;1;0;0;0;1;1;1;1;0;1;0;1;19;2;2;3;;;0941478W;24;pu;ep;0,6746;276,5319142
CG10950711G3151;1;0;1;1;1;0;1;;;;;;;;;;;;1;1;1;1;;;9;2;2;3;;;0950711G;25;pu;ep;-0,5097;223,4364338
CG10950711G3171;0;0;0;0;0;0;0;0;0;0;1;0;1;0;1;0;0;1;0;0;0;1;1;0;6;1;1;1;7;5;0950711G;25;pu;ep;-3,016463;111,0512394
CG10950711G3191;1;0;0;1;1;1;1;1;1;1;1;0;1;1;1;0;0;0;1;1;1;1;0;1;17;1;1;3;;;0950711G;25;pu;ep;-0,823456;209,3698751
CG10950711G3271;0;0;0;0;0;0;0;1;0;0;0;0;0;0;0;0;0;0;0;1;0;1;1;0;4;1;1;2;;;0950711G;25;pu;ep;-1,672125;171,3216708
CG10950823D3031;1;1;1;1;1;1;1;1;1;1;1;1;1;0;0;1;0;1;1;1;1;1;1;0;20;1;2;1;3;3;0950823D;25;pr;pr;1,25119;302,3820561
CG10950823D3071;1;0;0;1;1;0;0;1;1;1;1;0;1;0;0;1;0;0;1;1;1;1;1;1;15;2;1;1;2;4;0950823D;25;pr;pr;-0,715853;214,1940184
CG10950823D3102;1;0;0;1;1;1;1;1;1;1;0;1;0;1;0;0;0;1;1;1;1;0;0;1;15;1;2;1;2;4;0950823D;25;pr;pr;0,889144;286,1505216
CG10950823D3231;1;1;0;1;1;1;1;1;1;1;1;1;1;1;0;1;1;1;1;1;1;1;0;1;21;1;2;1;6;4;0950823D;25;pr;pr;0,212314;255,8063403
CG10950823D3262;1;0;1;0;1;1;1;1;1;1;1;1;1;1;0;1;1;1;1;1;1;0;1;1;20;1;2;1;3;4;0950823D;25;pr;pr;1,594739;317,7843184
CG10950934Z3011;1;0;1;1;1;0;1;1;0;0;1;0;0;1;0;0;0;1;1;1;1;1;0;0;13;1;1;3;6;7;0950934Z;25;pu;ep;-0,516268;223,141972
CG10950934Z3122;0;1;1;1;1;1;1;1;0;1;1;1;1;1;1;1;0;1;1;1;1;0;1;0;19;1;2;1;5;4;0950934Z;25;pu;ep;-0,482813;224,6418532
CG10950934Z3222;1;1;1;1;1;1;0;1;1;0;1;0;1;1;0;0;0;0;1;1;1;0;0;0;14;1;1;2;;5;0950934Z;25;pu;ep;-1,064682;198,555039
CG10951194G3031;0;0;0;1;1;0;0;1;1;1;1;1;1;1;1;0;1;;0;1;1;1;0;0;14;2;1;1;2;5;0951194G;25;pu;pu;-0,357205;230,2732111
CG10951194G3151;0;0;1;1;1;1;1;1;1;1;1;1;1;0;0;1;0;1;1;1;1;0;1;1;18;2;2;1;4;4;0951194G;25;pu;pu;0,138224;252,4846784
CG10951194G3211;1;1;0;0;0;1;0;1;1;0;0;1;1;0;;;;;0;1;1;1;;;10;2;1;1;5;5;0951194G;25;pu;pu;-0,905648;205,6849779
CG10951194G3282;1;1;0;1;1;1;1;1;1;0;1;1;1;1;1;1;1;;1;1;1;0;1;0;19;1;2;1;4;5;0951194G;25;pu;pu;0,227179;256,4727798
CG10951194G3291;1;1;0;1;1;1;1;1;1;0;1;1;1;;;;;;1;1;1;1;;;15;2;2;1;3;;0951194G;25;pu;pu;0,58185;272,3736724
